--
-- PostgreSQL database dump
--

-- Dumped from database version 16.1
-- Dumped by pg_dump version 16.1

-- Started on 2025-12-01 11:42:20

SET statement_timeout = 0;
SET lock_timeout = 0;
SET idle_in_transaction_session_timeout = 0;
SET client_encoding = 'UTF8';
SET standard_conforming_strings = on;
SELECT pg_catalog.set_config('search_path', '', false);
SET check_function_bodies = false;
SET xmloption = content;
SET client_min_messages = warning;
SET row_security = off;

SET default_tablespace = '';

SET default_table_access_method = heap;

--
-- TOC entry 230 (class 1259 OID 68307)
-- Name: batch; Type: TABLE; Schema: public; Owner: postgres
--

CREATE TABLE public.batch (
    batchid integer NOT NULL,
    producerid integer NOT NULL,
    deliverydate date NOT NULL
);


ALTER TABLE public.batch OWNER TO postgres;

--
-- TOC entry 229 (class 1259 OID 68306)
-- Name: batch_batchid_seq; Type: SEQUENCE; Schema: public; Owner: postgres
--

ALTER TABLE public.batch ALTER COLUMN batchid ADD GENERATED BY DEFAULT AS IDENTITY (
    SEQUENCE NAME public.batch_batchid_seq
    START WITH 1
    INCREMENT BY 1
    NO MINVALUE
    NO MAXVALUE
    CACHE 1
);


--
-- TOC entry 232 (class 1259 OID 68313)
-- Name: batchitem; Type: TABLE; Schema: public; Owner: postgres
--

CREATE TABLE public.batchitem (
    biid integer NOT NULL,
    batchid integer NOT NULL,
    productid integer NOT NULL,
    chargeid character(10),
    expiredate date NOT NULL,
    units smallint NOT NULL,
    buyprice numeric(5,2) NOT NULL
);


ALTER TABLE public.batchitem OWNER TO postgres;

--
-- TOC entry 231 (class 1259 OID 68312)
-- Name: batchitem_biid_seq; Type: SEQUENCE; Schema: public; Owner: postgres
--

ALTER TABLE public.batchitem ALTER COLUMN biid ADD GENERATED BY DEFAULT AS IDENTITY (
    SEQUENCE NAME public.batchitem_biid_seq
    START WITH 1
    INCREMENT BY 1
    NO MINVALUE
    NO MAXVALUE
    CACHE 1
);


--
-- TOC entry 234 (class 1259 OID 68500)
-- Name: dbinformation; Type: TABLE; Schema: public; Owner: postgres
--

CREATE TABLE public.dbinformation (
    key character varying NOT NULL,
    value character varying
);


ALTER TABLE public.dbinformation OWNER TO postgres;

--
-- TOC entry 223 (class 1259 OID 68284)
-- Name: producer; Type: TABLE; Schema: public; Owner: postgres
--

CREATE TABLE public.producer (
    producerid integer NOT NULL,
    name character varying(40) NOT NULL,
    country character(3) NOT NULL,
    city character varying(80) NOT NULL,
    address character varying(200) NOT NULL,
    year integer,
    description character varying(4000),
    logo character varying(40),
    special character varying(60)
);


ALTER TABLE public.producer OWNER TO postgres;

--
-- TOC entry 222 (class 1259 OID 68283)
-- Name: producer_producerid_seq; Type: SEQUENCE; Schema: public; Owner: postgres
--

ALTER TABLE public.producer ALTER COLUMN producerid ADD GENERATED BY DEFAULT AS IDENTITY (
    SEQUENCE NAME public.producer_producerid_seq
    START WITH 1
    INCREMENT BY 1
    NO MINVALUE
    NO MAXVALUE
    CACHE 1
);


--
-- TOC entry 228 (class 1259 OID 68301)
-- Name: producerproduct; Type: TABLE; Schema: public; Owner: postgres
--

CREATE TABLE public.producerproduct (
    producerid integer NOT NULL,
    productid integer NOT NULL
);


ALTER TABLE public.producerproduct OWNER TO postgres;

--
-- TOC entry 227 (class 1259 OID 68296)
-- Name: product; Type: TABLE; Schema: public; Owner: postgres
--

CREATE TABLE public.product (
    productid integer NOT NULL,
    label character varying(60) NOT NULL,
    pcid integer NOT NULL,
    image character varying(30),
    handlingunit character varying(20) NOT NULL,
    numofhaun smallint NOT NULL,
    kgperunit smallint NOT NULL,
    sellprice numeric(5,2) NOT NULL
);


ALTER TABLE public.product OWNER TO postgres;

--
-- TOC entry 226 (class 1259 OID 68295)
-- Name: product_productid_seq; Type: SEQUENCE; Schema: public; Owner: postgres
--

ALTER TABLE public.product ALTER COLUMN productid ADD GENERATED BY DEFAULT AS IDENTITY (
    SEQUENCE NAME public.product_productid_seq
    START WITH 1
    INCREMENT BY 1
    NO MINVALUE
    NO MAXVALUE
    CACHE 1
);


--
-- TOC entry 225 (class 1259 OID 68290)
-- Name: productcategory; Type: TABLE; Schema: public; Owner: postgres
--

CREATE TABLE public.productcategory (
    pcid integer NOT NULL,
    mintemp numeric(3,1) NOT NULL,
    maxtemp numeric(3,1) NOT NULL,
    minhumidity numeric(3,1) NOT NULL,
    minquality smallint NOT NULL,
    isbio boolean NOT NULL,
    image character varying(30),
    label character varying(30) NOT NULL,
    type smallint
);


ALTER TABLE public.productcategory OWNER TO postgres;

--
-- TOC entry 224 (class 1259 OID 68289)
-- Name: productcategory_pcid_seq; Type: SEQUENCE; Schema: public; Owner: postgres
--

ALTER TABLE public.productcategory ALTER COLUMN pcid ADD GENERATED BY DEFAULT AS IDENTITY (
    SEQUENCE NAME public.productcategory_pcid_seq
    START WITH 1
    INCREMENT BY 1
    NO MINVALUE
    NO MAXVALUE
    CACHE 1
);


--
-- TOC entry 215 (class 1259 OID 68184)
-- Name: site; Type: TABLE; Schema: public; Owner: postgres
--

CREATE TABLE public.site (
    siteid character varying(50) NOT NULL,
    label character varying(255) NOT NULL,
    country character(3) NOT NULL
);


ALTER TABLE public.site OWNER TO postgres;

--
-- TOC entry 219 (class 1259 OID 68223)
-- Name: slot; Type: TABLE; Schema: public; Owner: postgres
--

CREATE TABLE public.slot (
    slid character varying(50) NOT NULL,
    capacitykg integer NOT NULL,
    capacityunits integer NOT NULL,
    storageid integer NOT NULL
);


ALTER TABLE public.slot OWNER TO postgres;

--
-- TOC entry 233 (class 1259 OID 68364)
-- Name: slotavailable; Type: VIEW; Schema: public; Owner: postgres
--

CREATE VIEW public.slotavailable AS
SELECT
    NULL::character varying(50) AS slid,
    NULL::integer AS capacityunits,
    NULL::bigint AS freeunits,
    NULL::integer AS capacitykg,
    NULL::bigint AS freekg;


ALTER VIEW public.slotavailable OWNER TO postgres;

--
-- TOC entry 220 (class 1259 OID 68252)
-- Name: slotentry; Type: TABLE; Schema: public; Owner: postgres
--

CREATE TABLE public.slotentry (
    slotentryid integer NOT NULL,
    slid character varying(50) NOT NULL,
    biid integer NOT NULL,
    unitscount integer NOT NULL
);


ALTER TABLE public.slotentry OWNER TO postgres;

--
-- TOC entry 221 (class 1259 OID 68255)
-- Name: slotentry_slotentryid_seq; Type: SEQUENCE; Schema: public; Owner: postgres
--

ALTER TABLE public.slotentry ALTER COLUMN slotentryid ADD GENERATED ALWAYS AS IDENTITY (
    SEQUENCE NAME public.slotentry_slotentryid_seq
    START WITH 1
    INCREMENT BY 1
    NO MINVALUE
    NO MAXVALUE
    CACHE 1
);


--
-- TOC entry 218 (class 1259 OID 68207)
-- Name: storage; Type: TABLE; Schema: public; Owner: postgres
--

CREATE TABLE public.storage (
    storageid integer NOT NULL,
    label character varying(255) NOT NULL,
    temperature numeric(5,2) NOT NULL,
    humidity integer NOT NULL,
    quality smallint NOT NULL,
    wid character varying(50) NOT NULL
);


ALTER TABLE public.storage OWNER TO postgres;

--
-- TOC entry 217 (class 1259 OID 68206)
-- Name: storage_storageid_seq; Type: SEQUENCE; Schema: public; Owner: postgres
--

CREATE SEQUENCE public.storage_storageid_seq
    AS integer
    START WITH 1
    INCREMENT BY 1
    NO MINVALUE
    NO MAXVALUE
    CACHE 1;


ALTER SEQUENCE public.storage_storageid_seq OWNER TO postgres;

--
-- TOC entry 4952 (class 0 OID 0)
-- Dependencies: 217
-- Name: storage_storageid_seq; Type: SEQUENCE OWNED BY; Schema: public; Owner: postgres
--

ALTER SEQUENCE public.storage_storageid_seq OWNED BY public.storage.storageid;


--
-- TOC entry 216 (class 1259 OID 68189)
-- Name: warehouse; Type: TABLE; Schema: public; Owner: postgres
--

CREATE TABLE public.warehouse (
    wid character varying(50) NOT NULL,
    label character varying(255) NOT NULL,
    street character varying(255) NOT NULL,
    plz character varying(10) NOT NULL,
    city character varying(100) NOT NULL,
    siteid character varying(50) NOT NULL
);


ALTER TABLE public.warehouse OWNER TO postgres;

--
-- TOC entry 4742 (class 2604 OID 68210)
-- Name: storage storageid; Type: DEFAULT; Schema: public; Owner: postgres
--

ALTER TABLE ONLY public.storage ALTER COLUMN storageid SET DEFAULT nextval('public.storage_storageid_seq'::regclass);


--
-- TOC entry 4942 (class 0 OID 68307)
-- Dependencies: 230
-- Data for Name: batch; Type: TABLE DATA; Schema: public; Owner: postgres
--

INSERT INTO public.batch VALUES (1, 6, '2025-11-12');
INSERT INTO public.batch VALUES (8, 5, '2025-11-11');
INSERT INTO public.batch VALUES (9, 9, '2025-12-02');
INSERT INTO public.batch VALUES (10, 10, '2025-11-23');
INSERT INTO public.batch VALUES (11, 11, '2025-12-08');
INSERT INTO public.batch VALUES (12, 9, '2025-12-02');
INSERT INTO public.batch VALUES (13, 10, '2025-11-13');
INSERT INTO public.batch VALUES (14, 11, '2025-12-04');
INSERT INTO public.batch VALUES (15, 8, '2025-11-27');
INSERT INTO public.batch VALUES (16, 12, '2025-11-27');
INSERT INTO public.batch VALUES (17, 13, '2025-11-22');
INSERT INTO public.batch VALUES (18, 12, '2025-11-25');
INSERT INTO public.batch VALUES (19, 6, '2025-11-20');
INSERT INTO public.batch VALUES (20, 15, '2025-11-15');
INSERT INTO public.batch VALUES (21, 16, '2025-11-25');
INSERT INTO public.batch VALUES (22, 7, '2025-11-15');
INSERT INTO public.batch VALUES (23, 21, '2025-11-17');
INSERT INTO public.batch VALUES (24, 22, '2025-12-05');


--
-- TOC entry 4944 (class 0 OID 68313)
-- Dependencies: 232
-- Data for Name: batchitem; Type: TABLE DATA; Schema: public; Owner: postgres
--

INSERT INTO public.batchitem VALUES (1, 1, 2, '2511TZU.00', '2025-12-24', 12, 1.80);
INSERT INTO public.batchitem VALUES (32, 8, 2, 'FSA2511+39', '2025-11-20', 75, 2.59);
INSERT INTO public.batchitem VALUES (33, 8, 26, 'FSA2511/55', '2025-11-20', 44, 2.73);
INSERT INTO public.batchitem VALUES (34, 8, 33, 'FSA2511+78', '2025-11-24', 43, 4.27);
INSERT INTO public.batchitem VALUES (35, 8, 52, 'FSA2511+60', '2025-11-28', 69, 0.98);
INSERT INTO public.batchitem VALUES (36, 8, 65, 'FSA2511+91', '2025-11-22', 67, 3.00);
INSERT INTO public.batchitem VALUES (37, 8, 11, 'FSA2511.45', '2025-11-28', 74, 0.97);
INSERT INTO public.batchitem VALUES (38, 8, 68, 'FSA2511.43', '2025-11-22', 50, 4.10);
INSERT INTO public.batchitem VALUES (39, 8, 57, 'FSA2511-32', '2025-11-28', 47, 0.85);
INSERT INTO public.batchitem VALUES (40, 8, 4, 'FSA2511/67', '2025-11-21', 57, 1.28);
INSERT INTO public.batchitem VALUES (41, 8, 71, 'FSA2511+50', '2025-11-27', 75, 1.40);
INSERT INTO public.batchitem VALUES (42, 9, 59, 'AOG5122.98', '2025-12-27', 49, 3.00);
INSERT INTO public.batchitem VALUES (43, 9, 54, 'AOG5122-88', '2026-01-10', 56, 1.66);
INSERT INTO public.batchitem VALUES (44, 9, 12, 'AOG5122+16', '2025-12-31', 70, 1.33);
INSERT INTO public.batchitem VALUES (45, 10, 23, 'BUL5113#35', '2025-12-14', 58, 2.02);
INSERT INTO public.batchitem VALUES (46, 10, 33, 'BUL5113/31', '2026-01-05', 74, 2.75);
INSERT INTO public.batchitem VALUES (47, 10, 51, 'BUL5113+64', '2025-12-29', 74, 0.98);
INSERT INTO public.batchitem VALUES (48, 11, 55, 'WRT5128-58', '2026-01-15', 49, 1.35);
INSERT INTO public.batchitem VALUES (49, 11, 58, 'WRT5128-66', '2026-01-22', 42, 0.64);
INSERT INTO public.batchitem VALUES (50, 11, 60, 'WRT5128#65', '2025-12-28', 76, 1.60);
INSERT INTO public.batchitem VALUES (51, 11, 14, 'WRT5128.56', '2026-01-02', 45, 0.96);
INSERT INTO public.batchitem VALUES (52, 11, 45, 'WRT5128/76', '2026-01-03', 40, 3.13);
INSERT INTO public.batchitem VALUES (53, 11, 24, 'WRT5128-13', '2026-01-09', 47, 1.84);
INSERT INTO public.batchitem VALUES (54, 12, 61, 'AOG5122#28', '2026-01-03', 48, 0.78);
INSERT INTO public.batchitem VALUES (55, 12, 7, 'AOG5122-88', '2026-01-01', 43, 0.69);
INSERT INTO public.batchitem VALUES (56, 12, 49, 'AOG5122#02', '2026-01-18', 46, 0.80);
INSERT INTO public.batchitem VALUES (57, 13, 23, 'BUL5113/08', '2025-12-29', 52, 2.16);
INSERT INTO public.batchitem VALUES (58, 13, 51, 'BUL5113+84', '2025-12-21', 53, 1.30);
INSERT INTO public.batchitem VALUES (59, 13, 32, 'BUL5113+83', '2025-12-28', 58, 3.66);
INSERT INTO public.batchitem VALUES (60, 14, 46, 'WRT5124-29', '2026-01-02', 73, 1.43);
INSERT INTO public.batchitem VALUES (61, 14, 7, 'WRT5124-98', '2026-01-04', 57, 0.53);
INSERT INTO public.batchitem VALUES (62, 14, 24, 'WRT5124.31', '2026-01-05', 40, 2.91);
INSERT INTO public.batchitem VALUES (63, 14, 45, 'WRT5124+05', '2026-01-15', 67, 2.84);
INSERT INTO public.batchitem VALUES (64, 14, 61, 'WRT5124-95', '2026-01-18', 42, 0.75);
INSERT INTO public.batchitem VALUES (65, 15, 20, 'CPO5117/41', '2026-01-12', 51, 1.63);
INSERT INTO public.batchitem VALUES (66, 15, 36, 'CPO5117+15', '2026-01-09', 43, 2.07);
INSERT INTO public.batchitem VALUES (67, 15, 73, 'CPO5117-63', '2025-12-22', 71, 1.14);
INSERT INTO public.batchitem VALUES (68, 15, 19, 'CPO5117#34', '2025-12-27', 69, 2.22);
INSERT INTO public.batchitem VALUES (69, 15, 29, 'CPO5117.26', '2025-12-29', 47, 1.93);
INSERT INTO public.batchitem VALUES (70, 16, 52, 'LED5117/25', '2025-12-17', 49, 0.94);
INSERT INTO public.batchitem VALUES (71, 17, 7, 'FCS5112#06', '2025-12-21', 68, 0.76);
INSERT INTO public.batchitem VALUES (72, 17, 64, 'FCS5112+77', '2025-12-15', 51, 1.99);
INSERT INTO public.batchitem VALUES (73, 17, 13, 'FCS5112.68', '2026-01-09', 71, 2.04);
INSERT INTO public.batchitem VALUES (74, 18, 52, 'LED5115.30', '2026-01-07', 42, 1.74);
INSERT INTO public.batchitem VALUES (75, 19, 22, 'SXA5110#11', '2026-01-03', 51, 1.80);
INSERT INTO public.batchitem VALUES (76, 19, 65, 'SXA5110/67', '2026-01-03', 61, 2.63);
INSERT INTO public.batchitem VALUES (77, 20, 26, 'NRH5115+75', '2025-12-22', 49, 2.91);
INSERT INTO public.batchitem VALUES (78, 20, 48, 'NRH5115/90', '2025-12-29', 54, 1.65);
INSERT INTO public.batchitem VALUES (79, 20, 65, 'NRH5115+60', '2025-12-11', 48, 2.57);
INSERT INTO public.batchitem VALUES (80, 20, 6, 'NRH5115#92', '2026-01-02', 72, 2.16);
INSERT INTO public.batchitem VALUES (81, 21, 70, 'RLO5115#37', '2025-12-29', 46, 1.58);
INSERT INTO public.batchitem VALUES (82, 21, 21, 'RLO5115.04', '2025-12-22', 78, 1.19);
INSERT INTO public.batchitem VALUES (83, 21, 43, 'RLO5115+50', '2026-01-13', 63, 2.15);
INSERT INTO public.batchitem VALUES (84, 21, 34, 'RLO5115#79', '2026-01-06', 44, 1.07);
INSERT INTO public.batchitem VALUES (85, 21, 18, 'RLO5115.23', '2026-01-02', 44, 3.37);
INSERT INTO public.batchitem VALUES (86, 21, 39, 'RLO5115.45', '2025-12-17', 72, 1.76);
INSERT INTO public.batchitem VALUES (87, 21, 66, 'RLO5115#71', '2025-12-24', 48, 0.96);
INSERT INTO public.batchitem VALUES (88, 21, 29, 'RLO5115+73', '2026-01-03', 76, 0.99);
INSERT INTO public.batchitem VALUES (89, 22, 16, 'LXA5115#85', '2025-12-25', 58, 3.05);
INSERT INTO public.batchitem VALUES (90, 22, 41, 'LXA5115.96', '2025-12-29', 41, 2.27);
INSERT INTO public.batchitem VALUES (91, 22, 8, 'LXA5115+49', '2025-12-28', 65, 2.22);
INSERT INTO public.batchitem VALUES (92, 22, 66, 'LXA5115.74', '2026-01-01', 47, 1.80);
INSERT INTO public.batchitem VALUES (93, 22, 17, 'LXA5115.44', '2025-12-27', 51, 1.51);
INSERT INTO public.batchitem VALUES (94, 22, 42, 'LXA5115.43', '2026-01-03', 43, 0.92);
INSERT INTO public.batchitem VALUES (95, 22, 38, 'LXA5115.28', '2026-01-01', 46, 2.43);
INSERT INTO public.batchitem VALUES (96, 22, 62, 'LXA5115.30', '2025-12-26', 65, 2.72);
INSERT INTO public.batchitem VALUES (97, 23, 4, 'COY5117#02', '2025-12-25', 50, 2.57);
INSERT INTO public.batchitem VALUES (98, 23, 71, 'COY5117+89', '2025-12-24', 46, 1.20);
INSERT INTO public.batchitem VALUES (99, 23, 40, 'COY5117.19', '2025-12-09', 53, 3.41);
INSERT INTO public.batchitem VALUES (100, 23, 21, 'COY5117.46', '2025-12-20', 63, 0.75);
INSERT INTO public.batchitem VALUES (101, 23, 75, 'COY5117+91', '2025-12-17', 48, 2.59);
INSERT INTO public.batchitem VALUES (102, 23, 48, 'COY5117.86', '2025-12-28', 42, 0.85);
INSERT INTO public.batchitem VALUES (103, 23, 5, 'COY5117#17', '2025-12-20', 42, 0.89);
INSERT INTO public.batchitem VALUES (104, 23, 74, 'COY5117-05', '2025-12-18', 78, 0.93);
INSERT INTO public.batchitem VALUES (105, 23, 56, 'COY5117#29', '2025-12-08', 78, 2.63);
INSERT INTO public.batchitem VALUES (106, 24, 22, 'GXE5125-62', '2025-12-28', 67, 1.97);
INSERT INTO public.batchitem VALUES (107, 24, 68, 'GXE5125#59', '2026-01-16', 53, 4.59);
INSERT INTO public.batchitem VALUES (108, 24, 25, 'GXE5125#51', '2026-01-20', 49, 4.42);


--
-- TOC entry 4945 (class 0 OID 68500)
-- Dependencies: 234
-- Data for Name: dbinformation; Type: TABLE DATA; Schema: public; Owner: postgres
--

INSERT INTO public.dbinformation VALUES ('version', '1.0.1');


--
-- TOC entry 4935 (class 0 OID 68284)
-- Dependencies: 223
-- Data for Name: producer; Type: TABLE DATA; Schema: public; Owner: postgres
--

INSERT INTO public.producer VALUES (5, 'Fruits Inc.', 'USA', 'San Franzisko', 'Plumbstreet 23', 1978, 'Fruits Inc. wurde 1978 in San Francisco von Emily Carter und Thomas Green gegründet. Die Firma arbeitet mit regionalen Bauern zusammen, um biologische Anbaumethoden zu fördern. Hauptabnehmer sind Großmärkte und ausgewählte Händler.', 'fruits.svg', 'Bio Früchte');
INSERT INTO public.producer VALUES (6, 'Sweet Eat Int.', 'GER', 'Hamburg', 'Gartenstrasse 92', 1995, 'Sweet Eat Int. entstand 1995 in Hamburg, gegründet von Claudia Meier und Jens Bauer. Das Unternehmen unterstützt landwirtschaftliche Betriebe bei der gezielten Fruchtproduktion für die Lebensmittelindustrie. Geliefert wird vor allem an große Märkte und weiterverarbeitende Betriebe.', 'sweeteat.svg', 'Früchte für Speiseeis');
INSERT INTO public.producer VALUES (7, 'Lemon Inc.', 'USA', 'Los Angeles', 'Fruitway 221', 1936, 'Lemon Inc. wurde 1936 in Los Angeles von Juan Rodríguez und Elena Torres gegründet. Die Firma konzentriert sich auf den nachhaltigen Anbau von Citrusfrüchten in der Region. Abnehmer sind überwiegend Großkunden im europäischen Markt.', 'lemon.svg', 'Citrusfrüchte');
INSERT INTO public.producer VALUES (8, 'Calipso', 'ITA', 'Mailand', 'Strada del Sol 31', 2005, 'Calipso wurde 2005 in Mailand von Giorgio Bianchi gegründet. Das Unternehmen arbeitet eng mit landwirtschaftlichen Produzenten zusammen, die dekorative Früchte kultivieren. Der Schwerpunkt liegt auf der Unterstützung kleinerer Anbaubetriebe und der Lieferung an Großhändler.', 'calipso.svg', 'Dekorative Früchte');
INSERT INTO public.producer VALUES (9, 'AlpenObst KG', 'AUT', 'Innsbruck', 'Obstweg 12', 1985, 'AlpenObst KG wurde 1985 in Innsbruck von Martin Huber und Anna Leitner gegründet. Das Unternehmen arbeitet mit landwirtschaftlichen Betrieben aus Tirol zusammen und liefert frisches Obst an regionale Märkte und europäische Großhändler.', NULL, 'Kern- und Steinobst aus alpiner Landwirtschaft');
INSERT INTO public.producer VALUES (10, 'BioFru Tirol', 'AUT', 'Kufstein', 'Apfelgasse 3', 1994, 'BioFru Tirol entstand 1994 aus einer landwirtschaftlichen Kooperation im Unterinntal. Die Firma legt besonderen Wert auf nachhaltige Bodenpflege und unterstützt lokale Bauern bei der Umstellung auf biologische Produktion.', NULL, 'Bio-zertifizierte Äpfel und Birnen');
INSERT INTO public.producer VALUES (11, 'Wiener Fruchtgenossenschaft', 'AUT', 'Wien', 'Lagerstraße 8', 1972, 'Die Wiener Fruchtgenossenschaft wurde 1972 von einer Gruppe landwirtschaftlicher Betriebe gegründet. Sie konzentriert sich auf die Sammlung, Lagerung und Verteilung von Obst aus dem Osten Österreichs an Großhändler und Märkte.', NULL, 'Verarbeitung und Lieferung regionaler Früchte');
INSERT INTO public.producer VALUES (12, 'Les Vergers du Nord', 'BEL', 'Liège', 'Rue des Vergers 10', 1988, 'Les Vergers du Nord wurde 1988 von Jean Dupont und Claire Martin gegründet. Der Betrieb arbeitet mit Familienhöfen aus der Wallonie zusammen und beliefert belgische und französische Märkte mit frischem Obst.', NULL, 'Äpfel und Birnen aus nachhaltigem Anbau');
INSERT INTO public.producer VALUES (13, 'FruitCollect Bruxelles', 'BEL', 'Bruxelles', 'Chemin du Marché 5', 2003, 'FruitCollect Bruxelles wurde 2003 als Genossenschaft gegründet, um kleine Produzenten zu unterstützen. Sie bündeln Ernten aus umliegenden Regionen und beliefern Handelszentren in Belgien und Luxemburg.', NULL, 'Kooperative für saisonale Früchte');
INSERT INTO public.producer VALUES (14, 'Ardenne Fruits SA', 'BEL', 'Namur', 'Route de la Ferme 22', 1991, 'Ardenne Fruits SA wurde 1991 von François Lambert gegründet. Das Unternehmen ist auf den Anbau von Beeren spezialisiert und arbeitet eng mit lokalen Landwirten im Süden Belgiens zusammen.', NULL, 'Beeren und Steinfrüchte');
INSERT INTO public.producer VALUES (15, 'NordFrucht GmbH', 'GER', 'Hamburg', 'Obstallee 4', 1980, 'NordFrucht GmbH wurde 1980 in Hamburg von Heinrich Peters und Ute Kramer gegründet. Das Unternehmen ist auf den Vertrieb norddeutscher Früchte spezialisiert und unterstützt nachhaltige Obstbauprojekte.', NULL, 'Äpfel und Pflaumen aus Norddeutschland');
INSERT INTO public.producer VALUES (16, 'Rheinland Agro', 'GER', 'Köln', 'Marktweg 9', 1999, 'Rheinland Agro wurde 1999 als Handelsunternehmen gegründet, das lokale Produzenten mit internationalen Lieferanten vernetzt. Der Fokus liegt auf Qualitätssicherung und regionaler Verteilung von Früchten.', NULL, 'Zitrus- und Importfrüchte');
INSERT INTO public.producer VALUES (17, 'Bayern Fruit Cooperative', 'GER', 'Augsburg', 'Feldstraße 2', 1987, 'Die Bayern Fruit Cooperative entstand 1987 aus einem Zusammenschluss von Bauernhöfen in Südbayern. Sie konzentriert sich auf nachhaltige Erzeugung und regionale Weiterverarbeitung von Früchten.', NULL, 'Kirschen, Äpfel und Beeren');
INSERT INTO public.producer VALUES (19, 'Cooperativa Verde', 'ITA', 'Bari', 'Strada Agricola 15', 1990, 'Die Cooperativa Verde wurde 1990 gegründet, um den nachhaltigen Obstanbau in Apulien zu fördern. Sie vereint mehrere Familienbetriebe und liefert saisonales Obst an nationale Märkte.', NULL, 'Bio-Tafeltrauben und Feigen');
INSERT INTO public.producer VALUES (20, 'Agrumi Toscana', 'ITA', 'Firenze', 'Via della Frutta 3', 1982, 'Agrumi Toscana entstand 1982 aus einem regionalen Landwirtschaftsprojekt. Der Fokus liegt auf kontrolliertem Anbau und direkter Zusammenarbeit mit Großabnehmern in Norditalien.', NULL, 'Pfirsiche, Aprikosen und Sommerfrüchte');
INSERT INTO public.producer VALUES (21, 'California Fruit Company', 'USA', 'Fresno', 'Orchard Avenue 120', 1968, 'Die California Fruit Company wurde 1968 von Robert Jenkins und Maria Lopez gegründet. Sie arbeitet mit kalifornischen Farmen zusammen, um regionale Früchte nachhaltig zu vertreiben.', NULL, 'Zitrus- und Steinobst aus Kalifornien');
INSERT INTO public.producer VALUES (22, 'Green Valley Produce', 'USA', 'Portland', 'Harvest Road 22', 1997, 'Green Valley Produce wurde 1997 in Oregon gegründet. Das Unternehmen fördert ökologische Landwirtschaft und beliefert Supermarktketten sowie lokale Großhändler an der Westküste.', NULL, 'Bio-Beeren und Steinfrüchte');
INSERT INTO public.producer VALUES (23, 'SunBelt Farms', 'USA', 'Dallas', 'Farm Lane 18', 1983, 'SunBelt Farms entstand 1983 als Zusammenschluss mehrerer Farmen in Texas. Der Betrieb ist auf großflächigen Anbau spezialisiert und setzt auf wassersparende Bewässerungssysteme.', NULL, 'Melonen, Pfirsiche und Zitrusfrüchte');
INSERT INTO public.producer VALUES (18, 'Gerina', 'ITA', 'Napoli', 'Via del Sole 7', 1975, 'Gerina wurde 1975 von der Familie Romano gegründet. Der Betrieb kultiviert Orangen und Zitronen in Kampanien und beliefert Großhändler in Italien und Zentraleuropa.', 'gerina.svg', 'Zitrusfrüchte aus Süditalien');


--
-- TOC entry 4940 (class 0 OID 68301)
-- Dependencies: 228
-- Data for Name: producerproduct; Type: TABLE DATA; Schema: public; Owner: postgres
--

INSERT INTO public.producerproduct VALUES (5, 2);
INSERT INTO public.producerproduct VALUES (21, 2);
INSERT INTO public.producerproduct VALUES (15, 2);
INSERT INTO public.producerproduct VALUES (9, 3);
INSERT INTO public.producerproduct VALUES (23, 3);
INSERT INTO public.producerproduct VALUES (21, 4);
INSERT INTO public.producerproduct VALUES (5, 4);
INSERT INTO public.producerproduct VALUES (20, 5);
INSERT INTO public.producerproduct VALUES (23, 5);
INSERT INTO public.producerproduct VALUES (21, 5);
INSERT INTO public.producerproduct VALUES (15, 6);
INSERT INTO public.producerproduct VALUES (9, 7);
INSERT INTO public.producerproduct VALUES (11, 7);
INSERT INTO public.producerproduct VALUES (13, 7);
INSERT INTO public.producerproduct VALUES (19, 8);
INSERT INTO public.producerproduct VALUES (18, 8);
INSERT INTO public.producerproduct VALUES (7, 8);
INSERT INTO public.producerproduct VALUES (18, 9);
INSERT INTO public.producerproduct VALUES (14, 10);
INSERT INTO public.producerproduct VALUES (5, 11);
INSERT INTO public.producerproduct VALUES (9, 12);
INSERT INTO public.producerproduct VALUES (14, 12);
INSERT INTO public.producerproduct VALUES (11, 12);
INSERT INTO public.producerproduct VALUES (17, 13);
INSERT INTO public.producerproduct VALUES (13, 13);
INSERT INTO public.producerproduct VALUES (11, 13);
INSERT INTO public.producerproduct VALUES (11, 14);
INSERT INTO public.producerproduct VALUES (14, 14);
INSERT INTO public.producerproduct VALUES (20, 15);
INSERT INTO public.producerproduct VALUES (17, 15);
INSERT INTO public.producerproduct VALUES (21, 15);
INSERT INTO public.producerproduct VALUES (7, 16);
INSERT INTO public.producerproduct VALUES (7, 17);
INSERT INTO public.producerproduct VALUES (16, 18);
INSERT INTO public.producerproduct VALUES (23, 19);
INSERT INTO public.producerproduct VALUES (21, 19);
INSERT INTO public.producerproduct VALUES (8, 19);
INSERT INTO public.producerproduct VALUES (8, 20);
INSERT INTO public.producerproduct VALUES (23, 21);
INSERT INTO public.producerproduct VALUES (16, 21);
INSERT INTO public.producerproduct VALUES (21, 21);
INSERT INTO public.producerproduct VALUES (22, 22);
INSERT INTO public.producerproduct VALUES (6, 22);
INSERT INTO public.producerproduct VALUES (10, 23);
INSERT INTO public.producerproduct VALUES (22, 24);
INSERT INTO public.producerproduct VALUES (11, 24);
INSERT INTO public.producerproduct VALUES (14, 24);
INSERT INTO public.producerproduct VALUES (10, 25);
INSERT INTO public.producerproduct VALUES (22, 25);
INSERT INTO public.producerproduct VALUES (15, 26);
INSERT INTO public.producerproduct VALUES (5, 26);
INSERT INTO public.producerproduct VALUES (6, 27);
INSERT INTO public.producerproduct VALUES (8, 28);
INSERT INTO public.producerproduct VALUES (8, 29);
INSERT INTO public.producerproduct VALUES (7, 29);
INSERT INTO public.producerproduct VALUES (16, 29);
INSERT INTO public.producerproduct VALUES (19, 30);
INSERT INTO public.producerproduct VALUES (16, 31);
INSERT INTO public.producerproduct VALUES (10, 32);
INSERT INTO public.producerproduct VALUES (5, 33);
INSERT INTO public.producerproduct VALUES (14, 33);
INSERT INTO public.producerproduct VALUES (10, 33);
INSERT INTO public.producerproduct VALUES (18, 34);
INSERT INTO public.producerproduct VALUES (16, 34);
INSERT INTO public.producerproduct VALUES (18, 35);
INSERT INTO public.producerproduct VALUES (19, 35);
INSERT INTO public.producerproduct VALUES (18, 36);
INSERT INTO public.producerproduct VALUES (19, 36);
INSERT INTO public.producerproduct VALUES (8, 36);
INSERT INTO public.producerproduct VALUES (18, 37);
INSERT INTO public.producerproduct VALUES (7, 38);
INSERT INTO public.producerproduct VALUES (18, 39);
INSERT INTO public.producerproduct VALUES (16, 39);
INSERT INTO public.producerproduct VALUES (21, 40);
INSERT INTO public.producerproduct VALUES (8, 41);
INSERT INTO public.producerproduct VALUES (18, 41);
INSERT INTO public.producerproduct VALUES (7, 41);
INSERT INTO public.producerproduct VALUES (20, 42);
INSERT INTO public.producerproduct VALUES (7, 42);
INSERT INTO public.producerproduct VALUES (18, 43);
INSERT INTO public.producerproduct VALUES (21, 43);
INSERT INTO public.producerproduct VALUES (16, 43);
INSERT INTO public.producerproduct VALUES (6, 44);
INSERT INTO public.producerproduct VALUES (21, 44);
INSERT INTO public.producerproduct VALUES (5, 44);
INSERT INTO public.producerproduct VALUES (11, 45);
INSERT INTO public.producerproduct VALUES (14, 46);
INSERT INTO public.producerproduct VALUES (11, 46);
INSERT INTO public.producerproduct VALUES (21, 47);
INSERT INTO public.producerproduct VALUES (20, 47);
INSERT INTO public.producerproduct VALUES (11, 48);
INSERT INTO public.producerproduct VALUES (15, 48);
INSERT INTO public.producerproduct VALUES (21, 48);
INSERT INTO public.producerproduct VALUES (9, 49);
INSERT INTO public.producerproduct VALUES (13, 49);
INSERT INTO public.producerproduct VALUES (20, 49);
INSERT INTO public.producerproduct VALUES (14, 50);
INSERT INTO public.producerproduct VALUES (10, 51);
INSERT INTO public.producerproduct VALUES (6, 51);
INSERT INTO public.producerproduct VALUES (23, 51);
INSERT INTO public.producerproduct VALUES (12, 52);
INSERT INTO public.producerproduct VALUES (5, 52);
INSERT INTO public.producerproduct VALUES (14, 53);
INSERT INTO public.producerproduct VALUES (21, 54);
INSERT INTO public.producerproduct VALUES (17, 54);
INSERT INTO public.producerproduct VALUES (9, 54);
INSERT INTO public.producerproduct VALUES (21, 55);
INSERT INTO public.producerproduct VALUES (17, 55);
INSERT INTO public.producerproduct VALUES (11, 55);
INSERT INTO public.producerproduct VALUES (21, 56);
INSERT INTO public.producerproduct VALUES (10, 56);
INSERT INTO public.producerproduct VALUES (13, 57);
INSERT INTO public.producerproduct VALUES (5, 57);
INSERT INTO public.producerproduct VALUES (14, 57);
INSERT INTO public.producerproduct VALUES (11, 58);
INSERT INTO public.producerproduct VALUES (9, 59);
INSERT INTO public.producerproduct VALUES (13, 60);
INSERT INTO public.producerproduct VALUES (11, 60);
INSERT INTO public.producerproduct VALUES (20, 60);
INSERT INTO public.producerproduct VALUES (23, 61);
INSERT INTO public.producerproduct VALUES (11, 61);
INSERT INTO public.producerproduct VALUES (9, 61);
INSERT INTO public.producerproduct VALUES (7, 62);
INSERT INTO public.producerproduct VALUES (19, 63);
INSERT INTO public.producerproduct VALUES (18, 63);
INSERT INTO public.producerproduct VALUES (19, 64);
INSERT INTO public.producerproduct VALUES (13, 64);
INSERT INTO public.producerproduct VALUES (14, 64);
INSERT INTO public.producerproduct VALUES (15, 65);
INSERT INTO public.producerproduct VALUES (6, 65);
INSERT INTO public.producerproduct VALUES (5, 65);
INSERT INTO public.producerproduct VALUES (7, 66);
INSERT INTO public.producerproduct VALUES (16, 66);
INSERT INTO public.producerproduct VALUES (16, 67);
INSERT INTO public.producerproduct VALUES (19, 67);
INSERT INTO public.producerproduct VALUES (22, 68);
INSERT INTO public.producerproduct VALUES (5, 68);
INSERT INTO public.producerproduct VALUES (19, 68);
INSERT INTO public.producerproduct VALUES (13, 69);
INSERT INTO public.producerproduct VALUES (16, 70);
INSERT INTO public.producerproduct VALUES (21, 71);
INSERT INTO public.producerproduct VALUES (18, 71);
INSERT INTO public.producerproduct VALUES (5, 71);
INSERT INTO public.producerproduct VALUES (16, 72);
INSERT INTO public.producerproduct VALUES (18, 72);
INSERT INTO public.producerproduct VALUES (21, 72);
INSERT INTO public.producerproduct VALUES (8, 73);
INSERT INTO public.producerproduct VALUES (20, 74);
INSERT INTO public.producerproduct VALUES (21, 74);
INSERT INTO public.producerproduct VALUES (21, 75);
INSERT INTO public.producerproduct VALUES (14, 76);


--
-- TOC entry 4939 (class 0 OID 68296)
-- Dependencies: 227
-- Data for Name: product; Type: TABLE DATA; Schema: public; Owner: postgres
--

INSERT INTO public.product VALUES (2, 'BioApple 2kg', 31, NULL, '2kg Sack', 10, 22, 3.88);
INSERT INTO public.product VALUES (3, 'BioApple 1.5kg', 31, NULL, '1.5kg Sack', 14, 23, 2.13);
INSERT INTO public.product VALUES (4, 'BioApple 1kg', 31, NULL, '1kg Kiste', 10, 13, 2.59);
INSERT INTO public.product VALUES (5, 'Apple 2kg', 32, NULL, '2kg Sack', 10, 22, 2.97);
INSERT INTO public.product VALUES (6, 'Apple 1.5kg', 32, NULL, '1.5kg Sack', 14, 23, 2.26);
INSERT INTO public.product VALUES (7, 'Apple 1kg', 32, NULL, '1kg Kiste', 10, 13, 1.23);
INSERT INTO public.product VALUES (8, 'Banana 1kg', 33, NULL, '1kg Kiste', 10, 13, 3.36);
INSERT INTO public.product VALUES (9, 'Banana 600g', 33, NULL, '600g Klappschale', 18, 13, 2.19);
INSERT INTO public.product VALUES (10, 'BioCherries 2kg', 34, NULL, '2kg Sack', 10, 22, 3.87);
INSERT INTO public.product VALUES (11, 'BioCherries 1.5kg', 34, NULL, '1.5kg Sack', 14, 23, 2.22);
INSERT INTO public.product VALUES (12, 'BioCherries 1kg', 34, NULL, '1kg Kiste', 10, 13, 2.71);
INSERT INTO public.product VALUES (13, 'Cherries 2kg', 35, NULL, '2kg Sack', 10, 22, 2.76);
INSERT INTO public.product VALUES (14, 'Cherries 1.5kg', 35, NULL, '1.5kg Sack', 14, 23, 2.85);
INSERT INTO public.product VALUES (15, 'Cherries 1kg', 35, NULL, '1kg Kiste', 10, 13, 2.24);
INSERT INTO public.product VALUES (16, 'BioCitron 2kg', 36, NULL, '2kg Sack', 10, 22, 3.52);
INSERT INTO public.product VALUES (17, 'BioCitron 1kg', 36, NULL, '1kg Kiste', 10, 12, 3.10);
INSERT INTO public.product VALUES (18, 'BioCitron 2kg Kiste', 36, NULL, '2kg Kiste', 12, 26, 4.53);
INSERT INTO public.product VALUES (19, 'Citron 2kg', 37, NULL, '2kg Sack', 10, 22, 2.25);
INSERT INTO public.product VALUES (20, 'Citron 1kg', 37, NULL, '1kg Kiste', 10, 12, 1.73);
INSERT INTO public.product VALUES (21, 'Citron 2kg Kiste', 37, NULL, '2kg Kiste', 12, 26, 2.34);
INSERT INTO public.product VALUES (22, 'Currant 400g', 38, NULL, '400g Tasse', 24, 11, 5.11);
INSERT INTO public.product VALUES (23, 'Currant 600g', 38, NULL, '600g Klappschale', 18, 13, 5.90);
INSERT INTO public.product VALUES (24, 'Gooseberry 400g', 39, NULL, '400g Tasse', 24, 11, 5.03);
INSERT INTO public.product VALUES (25, 'Gooseberry 600g', 39, NULL, '600g Klappschale', 18, 13, 4.85);
INSERT INTO public.product VALUES (26, 'Grape 400g', 40, NULL, '400g Tasse', 24, 11, 4.13);
INSERT INTO public.product VALUES (27, 'Grape 600g', 40, NULL, '600g Klappschale', 18, 13, 5.40);
INSERT INTO public.product VALUES (28, 'Guanabana 1kg', 41, NULL, '1kg Kiste', 10, 13, 2.41);
INSERT INTO public.product VALUES (29, 'Guanabana 600g', 41, NULL, '600g Klappschale', 18, 13, 2.61);
INSERT INTO public.product VALUES (30, 'Jackfruit 1kg', 42, NULL, '1kg Kiste', 10, 13, 2.10);
INSERT INTO public.product VALUES (31, 'Jackfruit 600g', 42, NULL, '600g Klappschale', 18, 13, 1.61);
INSERT INTO public.product VALUES (32, 'Kiwi 400g', 43, NULL, '400g Tasse', 24, 11, 5.02);
INSERT INTO public.product VALUES (33, 'Kiwi 600g', 43, NULL, '600g Klappschale', 18, 13, 4.89);
INSERT INTO public.product VALUES (34, 'Mango 1kg', 44, NULL, '1kg Kiste', 10, 13, 3.04);
INSERT INTO public.product VALUES (35, 'Mango 600g', 44, NULL, '600g Klappschale', 18, 13, 2.23);
INSERT INTO public.product VALUES (36, 'Mangosteen 1kg', 45, NULL, '1kg Kiste', 10, 13, 3.28);
INSERT INTO public.product VALUES (37, 'Mangosteen 600g', 45, NULL, '600g Klappschale', 18, 13, 2.45);
INSERT INTO public.product VALUES (38, 'BioOrange 2kg', 46, NULL, '2kg Sack', 10, 22, 3.69);
INSERT INTO public.product VALUES (39, 'BioOrange 1kg', 46, NULL, '1kg Kiste', 10, 12, 2.79);
INSERT INTO public.product VALUES (40, 'BioOrange 2kg Kiste', 46, NULL, '2kg Kiste', 12, 26, 4.31);
INSERT INTO public.product VALUES (41, 'Orange 2kg', 47, NULL, '2kg Sack', 10, 22, 2.45);
INSERT INTO public.product VALUES (42, 'Orange 1kg', 47, NULL, '1kg Kiste', 10, 12, 1.96);
INSERT INTO public.product VALUES (43, 'Orange 2kg Kiste', 47, NULL, '2kg Kiste', 12, 26, 3.52);
INSERT INTO public.product VALUES (44, 'BioPeach 2kg', 48, NULL, '2kg Sack', 10, 22, 3.58);
INSERT INTO public.product VALUES (45, 'BioPeach 1.5kg', 48, NULL, '1.5kg Sack', 14, 23, 3.21);
INSERT INTO public.product VALUES (46, 'BioPeach 1kg', 48, NULL, '1kg Kiste', 10, 13, 2.44);
INSERT INTO public.product VALUES (47, 'Peach 2kg', 49, NULL, '2kg Sack', 10, 22, 1.87);
INSERT INTO public.product VALUES (48, 'Peach 1.5kg', 49, NULL, '1.5kg Sack', 14, 23, 1.71);
INSERT INTO public.product VALUES (49, 'Peach 1kg', 49, NULL, '1kg Kiste', 10, 13, 1.17);
INSERT INTO public.product VALUES (50, 'BioPear 2kg', 50, NULL, '2kg Sack', 10, 22, 2.89);
INSERT INTO public.product VALUES (51, 'BioPear 1.5kg', 50, NULL, '1.5kg Sack', 14, 23, 2.35);
INSERT INTO public.product VALUES (52, 'BioPear 1kg', 50, NULL, '1kg Kiste', 10, 13, 1.97);
INSERT INTO public.product VALUES (53, 'Pear 2kg', 51, NULL, '2kg Sack', 10, 22, 2.81);
INSERT INTO public.product VALUES (54, 'Pear 1.5kg', 51, NULL, '1.5kg Sack', 14, 23, 2.79);
INSERT INTO public.product VALUES (55, 'Pear 1kg', 51, NULL, '1kg Kiste', 10, 13, 2.15);
INSERT INTO public.product VALUES (56, 'BioPlum 2kg', 52, NULL, '2kg Sack', 10, 22, 2.95);
INSERT INTO public.product VALUES (57, 'BioPlum 1.5kg', 52, NULL, '1.5kg Sack', 14, 23, 2.13);
INSERT INTO public.product VALUES (58, 'BioPlum 1kg', 52, NULL, '1kg Kiste', 10, 13, 1.66);
INSERT INTO public.product VALUES (59, 'Plum 2kg', 53, NULL, '2kg Sack', 10, 22, 3.08);
INSERT INTO public.product VALUES (60, 'Plum 1.5kg', 53, NULL, '1.5kg Sack', 14, 23, 2.77);
INSERT INTO public.product VALUES (61, 'Plum 1kg', 53, NULL, '1kg Kiste', 10, 13, 1.48);
INSERT INTO public.product VALUES (62, 'Pomegranate 1kg', 54, NULL, '1kg Kiste', 10, 13, 3.42);
INSERT INTO public.product VALUES (63, 'Pomegranate 600g', 54, NULL, '600g Klappschale', 18, 13, 2.20);
INSERT INTO public.product VALUES (64, 'Raspberry 400g', 55, NULL, '400g Tasse', 24, 11, 5.24);
INSERT INTO public.product VALUES (65, 'Raspberry 600g', 55, NULL, '600g Klappschale', 18, 13, 4.87);
INSERT INTO public.product VALUES (66, 'Starfruit 1kg', 56, NULL, '1kg Kiste', 10, 13, 2.30);
INSERT INTO public.product VALUES (67, 'Starfruit 600g', 56, NULL, '600g Klappschale', 18, 13, 2.09);
INSERT INTO public.product VALUES (68, 'Strawberry 400g', 57, NULL, '400g Tasse', 24, 11, 5.19);
INSERT INTO public.product VALUES (69, 'Strawberry 600g', 57, NULL, '600g Klappschale', 18, 13, 5.90);
INSERT INTO public.product VALUES (70, 'BioTangerine 2kg', 58, NULL, '2kg Sack', 10, 22, 3.91);
INSERT INTO public.product VALUES (71, 'BioTangerine 1kg', 58, NULL, '1kg Kiste', 10, 12, 3.14);
INSERT INTO public.product VALUES (72, 'BioTangerine 2kg Kiste', 58, NULL, '2kg Kiste', 12, 26, 4.10);
INSERT INTO public.product VALUES (73, 'Tangerine 2kg', 59, NULL, '2kg Sack', 10, 22, 2.56);
INSERT INTO public.product VALUES (74, 'Tangerine 1kg', 59, NULL, '1kg Kiste', 10, 12, 2.62);
INSERT INTO public.product VALUES (75, 'Tangerine 2kg Kiste', 59, NULL, '2kg Kiste', 12, 26, 2.83);
INSERT INTO public.product VALUES (76, 'Watermelon ', 60, NULL, '3kg Stück', 1, 4, 4.14);


--
-- TOC entry 4937 (class 0 OID 68290)
-- Dependencies: 225
-- Data for Name: productcategory; Type: TABLE DATA; Schema: public; Owner: postgres
--

INSERT INTO public.productcategory VALUES (31, 0.3, 5.0, 80.0, 3, true, 'apple.png', 'BioApple', 1);
INSERT INTO public.productcategory VALUES (32, 0.3, 5.0, 80.0, 4, false, 'apple.png', 'Apple', 1);
INSERT INTO public.productcategory VALUES (33, 2.0, 15.0, 80.0, 3, false, 'banana.png', 'Banana', 4);
INSERT INTO public.productcategory VALUES (34, 0.3, 5.0, 80.0, 3, true, 'cherries.png', 'BioCherries', 1);
INSERT INTO public.productcategory VALUES (35, 0.3, 5.0, 80.0, 4, false, 'cherries.png', 'Cherries', 1);
INSERT INTO public.productcategory VALUES (36, 3.0, 5.0, 70.0, 2, true, 'citron.png', 'BioCitron', 2);
INSERT INTO public.productcategory VALUES (37, 3.0, 5.0, 70.0, 3, false, 'citron.png', 'Citron', 2);
INSERT INTO public.productcategory VALUES (38, 0.4, 3.0, 90.0, 5, true, 'currant.png', 'Currant', 3);
INSERT INTO public.productcategory VALUES (39, 0.4, 3.0, 90.0, 5, true, 'gooseberry.png', 'Gooseberry', 3);
INSERT INTO public.productcategory VALUES (40, 0.4, 3.0, 90.0, 5, true, 'grape.png', 'Grape', 3);
INSERT INTO public.productcategory VALUES (41, 2.0, 15.0, 80.0, 3, false, 'guanabana.png', 'Guanabana', 4);
INSERT INTO public.productcategory VALUES (42, 2.0, 15.0, 80.0, 3, false, 'jackfruit.png', 'Jackfruit', 4);
INSERT INTO public.productcategory VALUES (43, 0.4, 3.0, 90.0, 5, true, 'kiwi.png', 'Kiwi', 3);
INSERT INTO public.productcategory VALUES (44, 2.0, 15.0, 80.0, 3, false, 'mango.png', 'Mango', 4);
INSERT INTO public.productcategory VALUES (45, 2.0, 15.0, 80.0, 3, false, 'mangosteen.png', 'Mangosteen', 4);
INSERT INTO public.productcategory VALUES (46, 3.0, 5.0, 70.0, 2, true, 'orange.png', 'BioOrange', 2);
INSERT INTO public.productcategory VALUES (47, 3.0, 5.0, 70.0, 3, false, 'orange.png', 'Orange', 2);
INSERT INTO public.productcategory VALUES (48, 0.3, 5.0, 80.0, 3, true, 'peach.png', 'BioPeach', 1);
INSERT INTO public.productcategory VALUES (49, 0.3, 5.0, 80.0, 4, false, 'peach.png', 'Peach', 1);
INSERT INTO public.productcategory VALUES (50, 0.3, 5.0, 80.0, 3, true, 'pear.png', 'BioPear', 1);
INSERT INTO public.productcategory VALUES (51, 0.3, 5.0, 80.0, 4, false, 'pear.png', 'Pear', 1);
INSERT INTO public.productcategory VALUES (52, 0.3, 5.0, 80.0, 3, true, 'plum.png', 'BioPlum', 1);
INSERT INTO public.productcategory VALUES (53, 0.3, 5.0, 80.0, 4, false, 'plum.png', 'Plum', 1);
INSERT INTO public.productcategory VALUES (54, 2.0, 15.0, 80.0, 3, false, 'pomegranate.png', 'Pomegranate', 4);
INSERT INTO public.productcategory VALUES (55, 0.4, 3.0, 90.0, 5, true, 'raspberry.png', 'Raspberry', 3);
INSERT INTO public.productcategory VALUES (56, 2.0, 15.0, 80.0, 3, false, 'starfruit.png', 'Starfruit', 4);
INSERT INTO public.productcategory VALUES (57, 0.4, 3.0, 90.0, 5, true, 'strawberry.png', 'Strawberry', 3);
INSERT INTO public.productcategory VALUES (58, 3.0, 5.0, 70.0, 2, true, 'tangerine.png', 'BioTangerine', 2);
INSERT INTO public.productcategory VALUES (59, 3.0, 5.0, 70.0, 3, false, 'tangerine.png', 'Tangerine', 2);
INSERT INTO public.productcategory VALUES (60, 7.0, 12.0, 60.0, 1, false, 'watermelon.png', 'Watermelon', 5);


--
-- TOC entry 4927 (class 0 OID 68184)
-- Dependencies: 215
-- Data for Name: site; Type: TABLE DATA; Schema: public; Owner: postgres
--

INSERT INTO public.site VALUES ('AUTWAR', 'Waren1', 'AUT');
INSERT INTO public.site VALUES ('AUTLA', 'LagerAcht', 'AUT');
INSERT INTO public.site VALUES ('AUTZENT', 'Zentraldepot', 'AUT');
INSERT INTO public.site VALUES ('AUTLOG', 'LogistikA', 'AUT');
INSERT INTO public.site VALUES ('AUTVZ', 'VerteilzentrumEins', 'AUT');
INSERT INTO public.site VALUES ('AUTDP', 'DepotOne', 'AUT');
INSERT INTO public.site VALUES ('BELM', 'MagasinN1', 'BEL');
INSERT INTO public.site VALUES ('BELA', 'Anvers1', 'BEL');
INSERT INTO public.site VALUES ('GERLH', 'Lagerhaus1', 'GER');
INSERT INTO public.site VALUES ('GERNORD', 'NordDepot', 'GER');
INSERT INTO public.site VALUES ('GERWEST', 'WestLager', 'GER');
INSERT INTO public.site VALUES ('GERRH', 'RheinDepotI', 'GER');
INSERT INTO public.site VALUES ('ITAMG', 'MagazzinoUno', 'ITA');
INSERT INTO public.site VALUES ('ITAD', 'DepositoNorth', 'ITA');
INSERT INTO public.site VALUES ('ITALG', 'Logistica1', 'ITA');
INSERT INTO public.site VALUES ('USAST', 'Storage1', 'USA');
INSERT INTO public.site VALUES ('USAWH', 'WarehouseA', 'USA');
INSERT INTO public.site VALUES ('USAFH', 'FreightHub1', 'USA');


--
-- TOC entry 4931 (class 0 OID 68223)
-- Dependencies: 219
-- Data for Name: slot; Type: TABLE DATA; Schema: public; Owner: postgres
--

INSERT INTO public.slot VALUES ('AUTWAR1U201', 2100, 70, 3);
INSERT INTO public.slot VALUES ('AUTWAR1M200', 1500, 20, 6);
INSERT INTO public.slot VALUES ('AUTWAR1U301', 2900, 30, 1);
INSERT INTO public.slot VALUES ('AUTWAR1M303', 2500, 50, 5);
INSERT INTO public.slot VALUES ('AUTWAR1M300', 1900, 70, 5);
INSERT INTO public.slot VALUES ('AUTWAR1M201', 2800, 90, 6);
INSERT INTO public.slot VALUES ('AUTWAR1M301', 1500, 20, 5);
INSERT INTO public.slot VALUES ('AUTWAR1M100', 2800, 20, 2);
INSERT INTO public.slot VALUES ('AUTWAR1U202', 2800, 80, 3);
INSERT INTO public.slot VALUES ('AUTWAR1U100', 1800, 80, 4);
INSERT INTO public.slot VALUES ('AUTWAR1U300', 2900, 50, 1);
INSERT INTO public.slot VALUES ('AUTWAR1M101', 2800, 70, 2);
INSERT INTO public.slot VALUES ('AUTWAR1M102', 2900, 90, 2);
INSERT INTO public.slot VALUES ('AUTWAR1M302', 2700, 40, 5);
INSERT INTO public.slot VALUES ('AUTWAR1U101', 2500, 70, 4);
INSERT INTO public.slot VALUES ('AUTWAR1U203', 1800, 20, 3);
INSERT INTO public.slot VALUES ('AUTWAR1U200', 1800, 30, 3);
INSERT INTO public.slot VALUES ('AUTWAR2UA02', 1900, 30, 10);
INSERT INTO public.slot VALUES ('AUTWAR2NB00', 2700, 70, 9);
INSERT INTO public.slot VALUES ('AUTWAR2NC00', 2700, 60, 12);
INSERT INTO public.slot VALUES ('AUTWAR2NB02', 1500, 70, 9);
INSERT INTO public.slot VALUES ('AUTWAR2NA03', 1700, 30, 7);
INSERT INTO public.slot VALUES ('AUTWAR2NA02', 1800, 70, 7);
INSERT INTO public.slot VALUES ('AUTWAR2UA01', 2600, 20, 10);
INSERT INTO public.slot VALUES ('AUTWAR2NA01', 2800, 50, 7);
INSERT INTO public.slot VALUES ('AUTWAR2UB01', 1500, 90, 8);
INSERT INTO public.slot VALUES ('AUTWAR2NC01', 2600, 30, 12);
INSERT INTO public.slot VALUES ('AUTWAR2UC00', 2500, 20, 11);
INSERT INTO public.slot VALUES ('AUTWAR2UC01', 2200, 40, 11);
INSERT INTO public.slot VALUES ('AUTWAR2UA00', 2800, 40, 10);
INSERT INTO public.slot VALUES ('AUTWAR2NA00', 2900, 70, 7);
INSERT INTO public.slot VALUES ('AUTWAR2UB00', 1600, 40, 8);
INSERT INTO public.slot VALUES ('AUTWAR2NB01', 1700, 50, 9);
INSERT INTO public.slot VALUES ('AUTWAR2NC02', 2800, 20, 12);
INSERT INTO public.slot VALUES ('AUTWAR4BB00', 2600, 40, 18);
INSERT INTO public.slot VALUES ('AUTWAR4BA02', 2900, 20, 17);
INSERT INTO public.slot VALUES ('AUTWAR4UC00', 1800, 20, 15);
INSERT INTO public.slot VALUES ('AUTWAR4BB01', 1600, 90, 18);
INSERT INTO public.slot VALUES ('AUTWAR4UB01', 1600, 70, 14);
INSERT INTO public.slot VALUES ('AUTWAR4BA01', 2100, 80, 17);
INSERT INTO public.slot VALUES ('AUTWAR4BC02', 1600, 80, 13);
INSERT INTO public.slot VALUES ('AUTWAR4BC01', 2600, 70, 13);
INSERT INTO public.slot VALUES ('AUTWAR4UC01', 2100, 80, 15);
INSERT INTO public.slot VALUES ('AUTWAR4BA00', 2500, 30, 17);
INSERT INTO public.slot VALUES ('AUTWAR4UA01', 1500, 60, 16);
INSERT INTO public.slot VALUES ('AUTWAR4UC02', 2600, 80, 15);
INSERT INTO public.slot VALUES ('AUTWAR4UC03', 2700, 60, 15);
INSERT INTO public.slot VALUES ('AUTWAR4UB00', 2500, 40, 14);
INSERT INTO public.slot VALUES ('AUTWAR4BC00', 2000, 90, 13);
INSERT INTO public.slot VALUES ('AUTWAR4UA00', 2500, 60, 16);
INSERT INTO public.slot VALUES ('AUTLA8Ma01', 2700, 70, 20);
INSERT INTO public.slot VALUES ('AUTLA8Na02', 1500, 60, 22);
INSERT INTO public.slot VALUES ('AUTLA8Ma00', 2200, 60, 20);
INSERT INTO public.slot VALUES ('AUTLA8Nb00', 2600, 30, 19);
INSERT INTO public.slot VALUES ('AUTLA8Mb00', 2200, 30, 21);
INSERT INTO public.slot VALUES ('AUTLA8Nb01', 1800, 80, 19);
INSERT INTO public.slot VALUES ('AUTLA8Na01', 1600, 70, 22);
INSERT INTO public.slot VALUES ('AUTLA8Mb01', 2100, 80, 21);
INSERT INTO public.slot VALUES ('AUTLA8Mb03', 1700, 70, 21);
INSERT INTO public.slot VALUES ('AUTLA8Mb02', 2600, 70, 21);
INSERT INTO public.slot VALUES ('AUTLA8Na00', 2300, 70, 22);
INSERT INTO public.slot VALUES ('AUTLA11S202', 2200, 80, 25);
INSERT INTO public.slot VALUES ('AUTLA11S200', 2400, 40, 25);
INSERT INTO public.slot VALUES ('AUTLA11S201', 1700, 90, 25);
INSERT INTO public.slot VALUES ('AUTLA11N201', 2800, 40, 26);
INSERT INTO public.slot VALUES ('AUTLA11N202', 2600, 70, 26);
INSERT INTO public.slot VALUES ('AUTLA11N101', 2500, 20, 24);
INSERT INTO public.slot VALUES ('AUTLA11N200', 1900, 20, 26);
INSERT INTO public.slot VALUES ('AUTLA11S102', 1900, 60, 23);
INSERT INTO public.slot VALUES ('AUTLA11S101', 1500, 60, 23);
INSERT INTO public.slot VALUES ('AUTLA11N100', 1600, 80, 24);
INSERT INTO public.slot VALUES ('AUTLA11S100', 1700, 70, 23);
INSERT INTO public.slot VALUES ('AUTLA11S103', 1700, 50, 23);
INSERT INTO public.slot VALUES ('AUTLA11N102', 1500, 60, 24);
INSERT INTO public.slot VALUES ('AUTZENTBB03', 2700, 80, 30);
INSERT INTO public.slot VALUES ('AUTZENTBB02', 2900, 90, 30);
INSERT INTO public.slot VALUES ('AUTZENTBA02', 2200, 70, 27);
INSERT INTO public.slot VALUES ('AUTZENTNC01', 2500, 60, 32);
INSERT INTO public.slot VALUES ('AUTZENTBB00', 2600, 30, 30);
INSERT INTO public.slot VALUES ('AUTZENTNB03', 1900, 80, 31);
INSERT INTO public.slot VALUES ('AUTZENTBC02', 1800, 70, 29);
INSERT INTO public.slot VALUES ('AUTZENTNB02', 2700, 60, 31);
INSERT INTO public.slot VALUES ('AUTZENTBA01', 2400, 70, 27);
INSERT INTO public.slot VALUES ('AUTZENTNC00', 2300, 50, 32);
INSERT INTO public.slot VALUES ('AUTZENTBA00', 2900, 50, 27);
INSERT INTO public.slot VALUES ('AUTZENTBA03', 2100, 60, 27);
INSERT INTO public.slot VALUES ('AUTZENTBC01', 2000, 80, 29);
INSERT INTO public.slot VALUES ('AUTZENTBB01', 1700, 20, 30);
INSERT INTO public.slot VALUES ('AUTZENTNB00', 1500, 40, 31);
INSERT INTO public.slot VALUES ('AUTZENTBC00', 1700, 80, 29);
INSERT INTO public.slot VALUES ('AUTZENTNA01', 1500, 90, 28);
INSERT INTO public.slot VALUES ('AUTZENTNC02', 2900, 80, 32);
INSERT INTO public.slot VALUES ('AUTZENTNB01', 1800, 50, 31);
INSERT INTO public.slot VALUES ('AUTZENTNA00', 2700, 70, 28);
INSERT INTO public.slot VALUES ('AUTLOGAEone01', 2400, 30, 36);
INSERT INTO public.slot VALUES ('AUTLOGAEtwo01', 1600, 50, 37);
INSERT INTO public.slot VALUES ('AUTLOGAMtwo01', 2000, 50, 34);
INSERT INTO public.slot VALUES ('AUTLOGAEtre01', 1500, 90, 33);
INSERT INTO public.slot VALUES ('AUTLOGAMone02', 1500, 50, 38);
INSERT INTO public.slot VALUES ('AUTLOGAMtre03', 2100, 70, 35);
INSERT INTO public.slot VALUES ('AUTLOGAMtre01', 2500, 60, 35);
INSERT INTO public.slot VALUES ('AUTLOGAEtre00', 2100, 40, 33);
INSERT INTO public.slot VALUES ('AUTLOGAEtre03', 2400, 90, 33);
INSERT INTO public.slot VALUES ('AUTLOGAMtre02', 1800, 90, 35);
INSERT INTO public.slot VALUES ('AUTLOGAMone01', 2900, 70, 38);
INSERT INTO public.slot VALUES ('AUTLOGAEtwo02', 2500, 50, 37);
INSERT INTO public.slot VALUES ('AUTLOGAEone00', 1800, 90, 36);
INSERT INTO public.slot VALUES ('AUTLOGAEtre02', 2300, 30, 33);
INSERT INTO public.slot VALUES ('AUTLOGAMone00', 2300, 30, 38);
INSERT INTO public.slot VALUES ('AUTLOGAEtwo00', 1600, 80, 37);
INSERT INTO public.slot VALUES ('AUTLOGAMtre00', 1500, 60, 35);
INSERT INTO public.slot VALUES ('AUTLOGAMtwo00', 2800, 70, 34);
INSERT INTO public.slot VALUES ('AUTLOGBMC03', 1700, 70, 39);
INSERT INTO public.slot VALUES ('AUTLOGBMB00', 2500, 20, 41);
INSERT INTO public.slot VALUES ('AUTLOGBMC00', 2900, 40, 39);
INSERT INTO public.slot VALUES ('AUTLOGBMC01', 1600, 70, 39);
INSERT INTO public.slot VALUES ('AUTLOGBMA03', 1700, 80, 42);
INSERT INTO public.slot VALUES ('AUTLOGBNB01', 1800, 40, 40);
INSERT INTO public.slot VALUES ('AUTLOGBNB00', 2500, 90, 40);
INSERT INTO public.slot VALUES ('AUTLOGBNA00', 2600, 50, 43);
INSERT INTO public.slot VALUES ('AUTLOGBNA01', 2900, 70, 43);
INSERT INTO public.slot VALUES ('AUTLOGBNA02', 2500, 40, 43);
INSERT INTO public.slot VALUES ('AUTLOGBMC02', 1500, 50, 39);
INSERT INTO public.slot VALUES ('AUTLOGBMB01', 2000, 20, 41);
INSERT INTO public.slot VALUES ('AUTLOGBMA00', 2000, 60, 42);
INSERT INTO public.slot VALUES ('AUTLOGBMA01', 2300, 80, 42);
INSERT INTO public.slot VALUES ('AUTLOGBMA02', 2700, 60, 42);
INSERT INTO public.slot VALUES ('AUTLOGCBa02', 2300, 30, 46);
INSERT INTO public.slot VALUES ('AUTLOGCBb01', 2600, 30, 44);
INSERT INTO public.slot VALUES ('AUTLOGCBb00', 1500, 40, 44);
INSERT INTO public.slot VALUES ('AUTLOGCBa01', 1500, 20, 46);
INSERT INTO public.slot VALUES ('AUTLOGCBb02', 1900, 30, 44);
INSERT INTO public.slot VALUES ('AUTLOGCBd02', 1900, 90, 45);
INSERT INTO public.slot VALUES ('AUTLOGCBa00', 2400, 50, 46);
INSERT INTO public.slot VALUES ('AUTLOGCUb00', 2400, 70, 47);
INSERT INTO public.slot VALUES ('AUTLOGCUa01', 2100, 40, 48);
INSERT INTO public.slot VALUES ('AUTLOGCUb01', 2400, 40, 47);
INSERT INTO public.slot VALUES ('AUTLOGCUa00', 2700, 80, 48);
INSERT INTO public.slot VALUES ('AUTLOGCBb03', 1800, 90, 44);
INSERT INTO public.slot VALUES ('AUTLOGCBd01', 2400, 50, 45);
INSERT INTO public.slot VALUES ('AUTLOGCBd00', 2500, 20, 45);
INSERT INTO public.slot VALUES ('AUTVZ1Na01', 1500, 60, 52);
INSERT INTO public.slot VALUES ('AUTVZ1Sd01', 1900, 20, 50);
INSERT INTO public.slot VALUES ('AUTVZ1Sd02', 2800, 80, 50);
INSERT INTO public.slot VALUES ('AUTVZ1Nb01', 2800, 60, 51);
INSERT INTO public.slot VALUES ('AUTVZ1Sa02', 1800, 60, 49);
INSERT INTO public.slot VALUES ('AUTVZ1Sa01', 2200, 60, 49);
INSERT INTO public.slot VALUES ('AUTVZ1Nb00', 2300, 90, 51);
INSERT INTO public.slot VALUES ('AUTVZ1Na02', 2800, 30, 52);
INSERT INTO public.slot VALUES ('AUTVZ1Na03', 1700, 50, 52);
INSERT INTO public.slot VALUES ('AUTVZ1Sa00', 2600, 50, 49);
INSERT INTO public.slot VALUES ('AUTVZ1Sb00', 1600, 60, 53);
INSERT INTO public.slot VALUES ('AUTVZ1Sa03', 2300, 60, 49);
INSERT INTO public.slot VALUES ('AUTVZ1Na00', 2200, 90, 52);
INSERT INTO public.slot VALUES ('AUTVZ1Sd00', 2500, 90, 50);
INSERT INTO public.slot VALUES ('AUTVZ1Sb01', 2100, 70, 53);
INSERT INTO public.slot VALUES ('AUTVZ2Eb00', 2800, 60, 54);
INSERT INTO public.slot VALUES ('AUTVZ2Eb01', 1500, 90, 54);
INSERT INTO public.slot VALUES ('AUTVZ2Mb02', 2800, 80, 55);
INSERT INTO public.slot VALUES ('AUTVZ2Mb01', 2500, 90, 55);
INSERT INTO public.slot VALUES ('AUTVZ2Ea03', 2500, 20, 56);
INSERT INTO public.slot VALUES ('AUTVZ2Mb03', 2900, 60, 55);
INSERT INTO public.slot VALUES ('AUTVZ2Mb00', 2700, 40, 55);
INSERT INTO public.slot VALUES ('AUTVZ2Ma00', 1600, 40, 57);
INSERT INTO public.slot VALUES ('AUTVZ2Eb02', 2200, 70, 54);
INSERT INTO public.slot VALUES ('AUTVZ2Ea02', 2900, 80, 56);
INSERT INTO public.slot VALUES ('AUTVZ2Ea00', 1900, 50, 56);
INSERT INTO public.slot VALUES ('AUTVZ2Ma01', 1600, 20, 57);
INSERT INTO public.slot VALUES ('AUTVZ2Ea01', 1800, 70, 56);
INSERT INTO public.slot VALUES ('AUTVZ3EB01', 1800, 90, 61);
INSERT INTO public.slot VALUES ('AUTVZ3NA01', 2200, 90, 59);
INSERT INTO public.slot VALUES ('AUTVZ3EA01', 2500, 60, 58);
INSERT INTO public.slot VALUES ('AUTVZ3NC02', 1900, 50, 62);
INSERT INTO public.slot VALUES ('AUTVZ3NB01', 2900, 20, 60);
INSERT INTO public.slot VALUES ('AUTVZ3EB03', 1900, 40, 61);
INSERT INTO public.slot VALUES ('AUTVZ3EA02', 2600, 60, 58);
INSERT INTO public.slot VALUES ('AUTVZ3NA02', 2800, 20, 59);
INSERT INTO public.slot VALUES ('AUTVZ3EB00', 2200, 30, 61);
INSERT INTO public.slot VALUES ('AUTVZ3NC01', 1500, 40, 62);
INSERT INTO public.slot VALUES ('AUTVZ3NB00', 2400, 70, 60);
INSERT INTO public.slot VALUES ('AUTVZ3NA00', 2900, 40, 59);
INSERT INTO public.slot VALUES ('AUTVZ3EA00', 1600, 80, 58);
INSERT INTO public.slot VALUES ('AUTVZ3NC00', 2600, 70, 62);
INSERT INTO public.slot VALUES ('AUTVZ3EB02', 1500, 80, 61);
INSERT INTO public.slot VALUES ('AUTDP1SA02', 2200, 80, 64);
INSERT INTO public.slot VALUES ('AUTDP1SA00', 1500, 70, 64);
INSERT INTO public.slot VALUES ('AUTDP1EA00', 1900, 20, 63);
INSERT INTO public.slot VALUES ('AUTDP1EB03', 2700, 40, 66);
INSERT INTO public.slot VALUES ('AUTDP1SB00', 2400, 60, 65);
INSERT INTO public.slot VALUES ('AUTDP1EB01', 1600, 70, 66);
INSERT INTO public.slot VALUES ('AUTDP1EB00', 2800, 70, 66);
INSERT INTO public.slot VALUES ('AUTDP1SB01', 1500, 30, 65);
INSERT INTO public.slot VALUES ('AUTDP1SA01', 2800, 90, 64);
INSERT INTO public.slot VALUES ('AUTDP1EA01', 2900, 20, 63);
INSERT INTO public.slot VALUES ('AUTDP1EB02', 1700, 50, 66);
INSERT INTO public.slot VALUES ('AUTDP3Mone01', 2800, 80, 71);
INSERT INTO public.slot VALUES ('AUTDP3Mone00', 2000, 90, 71);
INSERT INTO public.slot VALUES ('AUTDP3Eone00', 2200, 90, 68);
INSERT INTO public.slot VALUES ('AUTDP3Etwo01', 2400, 80, 67);
INSERT INTO public.slot VALUES ('AUTDP3Mtwo00', 1800, 80, 70);
INSERT INTO public.slot VALUES ('AUTDP3Etwo00', 2300, 20, 67);
INSERT INTO public.slot VALUES ('AUTDP3Etre00', 2600, 30, 69);
INSERT INTO public.slot VALUES ('AUTDP3Eone01', 2200, 50, 68);
INSERT INTO public.slot VALUES ('AUTDP3Etre02', 2000, 50, 69);
INSERT INTO public.slot VALUES ('AUTDP3Mone02', 1600, 20, 71);
INSERT INTO public.slot VALUES ('AUTDP3Mtwo01', 1800, 30, 70);
INSERT INTO public.slot VALUES ('AUTDP3Etwo02', 2100, 80, 67);
INSERT INTO public.slot VALUES ('AUTDP3Mtwo02', 1800, 80, 70);
INSERT INTO public.slot VALUES ('AUTDP3Etre01', 2300, 90, 69);
INSERT INTO public.slot VALUES ('AUTDP4BB01', 1900, 60, 74);
INSERT INTO public.slot VALUES ('AUTDP4BA03', 2100, 70, 75);
INSERT INTO public.slot VALUES ('AUTDP4BA00', 2300, 80, 75);
INSERT INTO public.slot VALUES ('AUTDP4NB03', 2300, 30, 73);
INSERT INTO public.slot VALUES ('AUTDP4BB00', 2300, 90, 74);
INSERT INTO public.slot VALUES ('AUTDP4BA02', 2400, 90, 75);
INSERT INTO public.slot VALUES ('AUTDP4BA01', 2100, 40, 75);
INSERT INTO public.slot VALUES ('AUTDP4NB00', 1900, 70, 73);
INSERT INTO public.slot VALUES ('AUTDP4BB02', 2500, 40, 74);
INSERT INTO public.slot VALUES ('AUTDP4NB02', 2300, 30, 73);
INSERT INTO public.slot VALUES ('AUTDP4NA01', 1900, 90, 72);
INSERT INTO public.slot VALUES ('AUTDP4NB01', 2400, 50, 73);
INSERT INTO public.slot VALUES ('AUTDP4NA00', 2000, 70, 72);
INSERT INTO public.slot VALUES ('BELMN1U102', 1900, 30, 76);
INSERT INTO public.slot VALUES ('BELMN1U202', 2400, 30, 78);
INSERT INTO public.slot VALUES ('BELMN1N100', 2900, 80, 79);
INSERT INTO public.slot VALUES ('BELMN1U101', 2300, 50, 76);
INSERT INTO public.slot VALUES ('BELMN1N200', 1500, 80, 77);
INSERT INTO public.slot VALUES ('BELMN1U100', 1600, 30, 76);
INSERT INTO public.slot VALUES ('BELMN1N101', 2100, 70, 79);
INSERT INTO public.slot VALUES ('BELMN1U203', 2100, 80, 78);
INSERT INTO public.slot VALUES ('BELMN1U201', 2400, 30, 78);
INSERT INTO public.slot VALUES ('BELMN1U200', 1800, 50, 78);
INSERT INTO public.slot VALUES ('BELMN1N201', 1500, 90, 77);
INSERT INTO public.slot VALUES ('BELMBUtwo01', 1500, 70, 83);
INSERT INTO public.slot VALUES ('BELMBUone03', 2800, 50, 81);
INSERT INTO public.slot VALUES ('BELMBMtre01', 1500, 50, 85);
INSERT INTO public.slot VALUES ('BELMBUtre00', 2700, 60, 80);
INSERT INTO public.slot VALUES ('BELMBMtwo01', 2700, 50, 84);
INSERT INTO public.slot VALUES ('BELMBUone01', 1700, 40, 81);
INSERT INTO public.slot VALUES ('BELMBMone00', 2200, 70, 82);
INSERT INTO public.slot VALUES ('BELMBUtwo00', 2400, 40, 83);
INSERT INTO public.slot VALUES ('BELMBMone01', 2300, 60, 82);
INSERT INTO public.slot VALUES ('BELMBUone00', 2000, 80, 81);
INSERT INTO public.slot VALUES ('BELMBMtre02', 2700, 40, 85);
INSERT INTO public.slot VALUES ('BELMBMtwo00', 1800, 80, 84);
INSERT INTO public.slot VALUES ('BELMBUtre01', 1800, 30, 80);
INSERT INTO public.slot VALUES ('BELMBMone02', 1600, 30, 82);
INSERT INTO public.slot VALUES ('BELMBMtre00', 1800, 40, 85);
INSERT INTO public.slot VALUES ('BELMBUone02', 2000, 40, 81);
INSERT INTO public.slot VALUES ('BELMTMtwo02', 2900, 40, 87);
INSERT INTO public.slot VALUES ('BELMTMone01', 2700, 60, 89);
INSERT INTO public.slot VALUES ('BELMTStwo01', 2900, 70, 88);
INSERT INTO public.slot VALUES ('BELMTMtwo00', 1700, 80, 87);
INSERT INTO public.slot VALUES ('BELMTMtwo01', 2400, 50, 87);
INSERT INTO public.slot VALUES ('BELMTStwo02', 2100, 80, 88);
INSERT INTO public.slot VALUES ('BELMTSone01', 1700, 40, 86);
INSERT INTO public.slot VALUES ('BELMTSone00', 2400, 40, 86);
INSERT INTO public.slot VALUES ('BELMTMone03', 2200, 50, 89);
INSERT INTO public.slot VALUES ('BELMTMone00', 2200, 40, 89);
INSERT INTO public.slot VALUES ('BELMTStwo00', 1800, 50, 88);
INSERT INTO public.slot VALUES ('BELMTMone02', 2900, 50, 89);
INSERT INTO public.slot VALUES ('BELMTStwo03', 1500, 20, 88);
INSERT INTO public.slot VALUES ('BELMDM301', 1500, 90, 91);
INSERT INTO public.slot VALUES ('BELMDM202', 1500, 90, 94);
INSERT INTO public.slot VALUES ('BELMDB200', 2200, 90, 93);
INSERT INTO public.slot VALUES ('BELMDB100', 2200, 70, 90);
INSERT INTO public.slot VALUES ('BELMDM101', 1900, 30, 92);
INSERT INTO public.slot VALUES ('BELMDM303', 2800, 70, 91);
INSERT INTO public.slot VALUES ('BELMDM102', 2000, 90, 92);
INSERT INTO public.slot VALUES ('BELMDM302', 2800, 40, 91);
INSERT INTO public.slot VALUES ('BELMDM100', 1500, 40, 92);
INSERT INTO public.slot VALUES ('BELMDM201', 2700, 40, 94);
INSERT INTO public.slot VALUES ('BELMDB201', 1700, 30, 93);
INSERT INTO public.slot VALUES ('BELMDM300', 2200, 70, 91);
INSERT INTO public.slot VALUES ('BELMDM103', 1900, 70, 92);
INSERT INTO public.slot VALUES ('BELMDM200', 1800, 70, 94);
INSERT INTO public.slot VALUES ('BELMDB101', 2900, 70, 90);
INSERT INTO public.slot VALUES ('BELMDB202', 2400, 90, 93);
INSERT INTO public.slot VALUES ('BELMS2Btwo02', 2500, 20, 98);
INSERT INTO public.slot VALUES ('BELMS2None02', 2800, 80, 96);
INSERT INTO public.slot VALUES ('BELMS2Ntwo02', 1500, 40, 97);
INSERT INTO public.slot VALUES ('BELMS2Btwo00', 1600, 80, 98);
INSERT INTO public.slot VALUES ('BELMS2Bone02', 2200, 60, 95);
INSERT INTO public.slot VALUES ('BELMS2None00', 1500, 50, 96);
INSERT INTO public.slot VALUES ('BELMS2Ntwo00', 2000, 60, 97);
INSERT INTO public.slot VALUES ('BELMS2Ntwo01', 2200, 60, 97);
INSERT INTO public.slot VALUES ('BELMS2Bone00', 1500, 30, 95);
INSERT INTO public.slot VALUES ('BELMS2Btwo03', 2100, 60, 98);
INSERT INTO public.slot VALUES ('BELMS2Btwo01', 2300, 30, 98);
INSERT INTO public.slot VALUES ('BELMS2None01', 1600, 80, 96);
INSERT INTO public.slot VALUES ('BELMS2Bone01', 2400, 90, 95);
INSERT INTO public.slot VALUES ('BELA1Ntre01', 2700, 40, 103);
INSERT INTO public.slot VALUES ('BELA1Mtre00', 1500, 60, 104);
INSERT INTO public.slot VALUES ('BELA1None00', 2400, 70, 100);
INSERT INTO public.slot VALUES ('BELA1Mtwo00', 1500, 40, 101);
INSERT INTO public.slot VALUES ('BELA1Ntre02', 2300, 30, 103);
INSERT INTO public.slot VALUES ('BELA1Mone00', 2000, 80, 102);
INSERT INTO public.slot VALUES ('BELA1Ntre03', 2100, 50, 103);
INSERT INTO public.slot VALUES ('BELA1Mone01', 2600, 60, 102);
INSERT INTO public.slot VALUES ('BELA1None02', 2900, 50, 100);
INSERT INTO public.slot VALUES ('BELA1None01', 1600, 80, 100);
INSERT INTO public.slot VALUES ('BELA1Mtwo01', 1800, 50, 101);
INSERT INTO public.slot VALUES ('BELA1Mtwo02', 2800, 70, 101);
INSERT INTO public.slot VALUES ('BELA1Ntre00', 1700, 90, 103);
INSERT INTO public.slot VALUES ('BELA1Mtre01', 2900, 70, 104);
INSERT INTO public.slot VALUES ('BELA1Ntwo01', 1800, 60, 99);
INSERT INTO public.slot VALUES ('BELA1Ntwo00', 2000, 60, 99);
INSERT INTO public.slot VALUES ('BELA2E100', 1600, 50, 108);
INSERT INTO public.slot VALUES ('BELA2E201', 1500, 90, 105);
INSERT INTO public.slot VALUES ('BELA2M101', 1700, 40, 106);
INSERT INTO public.slot VALUES ('BELA2E200', 1500, 50, 105);
INSERT INTO public.slot VALUES ('BELA2E103', 2200, 70, 108);
INSERT INTO public.slot VALUES ('BELA2M102', 2600, 20, 106);
INSERT INTO public.slot VALUES ('BELA2M200', 2400, 80, 107);
INSERT INTO public.slot VALUES ('BELA2E101', 2000, 50, 108);
INSERT INTO public.slot VALUES ('BELA2E102', 2500, 80, 108);
INSERT INTO public.slot VALUES ('BELA2M100', 2700, 60, 106);
INSERT INTO public.slot VALUES ('BELA2E202', 2200, 20, 105);
INSERT INTO public.slot VALUES ('BELA2M202', 2100, 60, 107);
INSERT INTO public.slot VALUES ('BELA2M201', 2700, 90, 107);
INSERT INTO public.slot VALUES ('BELA3Ea00', 1600, 30, 109);
INSERT INTO public.slot VALUES ('BELA3Nb01', 2100, 20, 111);
INSERT INTO public.slot VALUES ('BELA3Ea01', 2200, 50, 109);
INSERT INTO public.slot VALUES ('BELA3Na02', 1900, 50, 110);
INSERT INTO public.slot VALUES ('BELA3Eb00', 1500, 60, 113);
INSERT INTO public.slot VALUES ('BELA3Ed01', 2500, 90, 112);
INSERT INTO public.slot VALUES ('BELA3Na03', 2800, 90, 110);
INSERT INTO public.slot VALUES ('BELA3Na01', 2100, 80, 110);
INSERT INTO public.slot VALUES ('BELA3Na00', 2600, 80, 110);
INSERT INTO public.slot VALUES ('BELA3Ed00', 2800, 40, 112);
INSERT INTO public.slot VALUES ('BELA3Nb00', 2600, 30, 111);
INSERT INTO public.slot VALUES ('BELA3Eb01', 1500, 30, 113);
INSERT INTO public.slot VALUES ('GERLH1Bone02', 2300, 30, 114);
INSERT INTO public.slot VALUES ('GERLH1Stwo00', 2100, 40, 116);
INSERT INTO public.slot VALUES ('GERLH1Btre00', 2200, 20, 118);
INSERT INTO public.slot VALUES ('GERLH1Stwo01', 2200, 50, 116);
INSERT INTO public.slot VALUES ('GERLH1Bone00', 2800, 60, 114);
INSERT INTO public.slot VALUES ('GERLH1Bone01', 1900, 20, 114);
INSERT INTO public.slot VALUES ('GERLH1Btre01', 2100, 70, 118);
INSERT INTO public.slot VALUES ('GERLH1Btwo01', 2000, 90, 115);
INSERT INTO public.slot VALUES ('GERLH1Sone02', 2900, 70, 119);
INSERT INTO public.slot VALUES ('GERLH1Stre01', 2300, 70, 117);
INSERT INTO public.slot VALUES ('GERLH1Sone01', 2600, 90, 119);
INSERT INTO public.slot VALUES ('GERLH1Stre00', 1600, 70, 117);
INSERT INTO public.slot VALUES ('GERLH1Btwo00', 1500, 40, 115);
INSERT INTO public.slot VALUES ('GERLH1Stre02', 2300, 50, 117);
INSERT INTO public.slot VALUES ('GERLH1Sone00', 1600, 90, 119);
INSERT INTO public.slot VALUES ('GERLH2E101', 2000, 20, 122);
INSERT INTO public.slot VALUES ('GERLH2E302', 2300, 70, 123);
INSERT INTO public.slot VALUES ('GERLH2E301', 1500, 70, 123);
INSERT INTO public.slot VALUES ('GERLH2M200', 2900, 80, 120);
INSERT INTO public.slot VALUES ('GERLH2E300', 1900, 80, 123);
INSERT INTO public.slot VALUES ('GERLH2E100', 1800, 60, 122);
INSERT INTO public.slot VALUES ('GERLH2M100', 2000, 20, 121);
INSERT INTO public.slot VALUES ('GERLH2E201', 2000, 20, 124);
INSERT INTO public.slot VALUES ('GERLH2E303', 2700, 60, 123);
INSERT INTO public.slot VALUES ('GERLH2E102', 1800, 90, 122);
INSERT INTO public.slot VALUES ('GERLH2M201', 1800, 80, 120);
INSERT INTO public.slot VALUES ('GERLH2E200', 1500, 80, 124);
INSERT INTO public.slot VALUES ('GERLH2M101', 1500, 60, 121);
INSERT INTO public.slot VALUES ('GERLH3N103', 2200, 20, 125);
INSERT INTO public.slot VALUES ('GERLH3M202', 1500, 60, 127);
INSERT INTO public.slot VALUES ('GERLH3M201', 2500, 80, 127);
INSERT INTO public.slot VALUES ('GERLH3M200', 2700, 40, 127);
INSERT INTO public.slot VALUES ('GERLH3N200', 1500, 80, 126);
INSERT INTO public.slot VALUES ('GERLH3N201', 2500, 50, 126);
INSERT INTO public.slot VALUES ('GERLH3M100', 2200, 90, 129);
INSERT INTO public.slot VALUES ('GERLH3N100', 2800, 90, 125);
INSERT INTO public.slot VALUES ('GERLH3N101', 2100, 60, 125);
INSERT INTO public.slot VALUES ('GERLH3N300', 1700, 30, 128);
INSERT INTO public.slot VALUES ('GERLH3M203', 2800, 20, 127);
INSERT INTO public.slot VALUES ('GERLH3N301', 1600, 20, 128);
INSERT INTO public.slot VALUES ('GERLH3N202', 2300, 40, 126);
INSERT INTO public.slot VALUES ('GERLH3M101', 2400, 60, 129);
INSERT INTO public.slot VALUES ('GERLH3N102', 2900, 20, 125);
INSERT INTO public.slot VALUES ('GERNORDSb00', 2200, 30, 131);
INSERT INTO public.slot VALUES ('GERNORDSa03', 2600, 90, 130);
INSERT INTO public.slot VALUES ('GERNORDNd01', 2600, 30, 134);
INSERT INTO public.slot VALUES ('GERNORDNd00', 1800, 60, 134);
INSERT INTO public.slot VALUES ('GERNORDSa01', 2300, 80, 130);
INSERT INTO public.slot VALUES ('GERNORDSa00', 2100, 70, 130);
INSERT INTO public.slot VALUES ('GERNORDNa00', 2100, 20, 132);
INSERT INTO public.slot VALUES ('GERNORDNb02', 1900, 90, 133);
INSERT INTO public.slot VALUES ('GERNORDSa02', 1500, 30, 130);
INSERT INTO public.slot VALUES ('GERNORDNa01', 2300, 40, 132);
INSERT INTO public.slot VALUES ('GERNORDNb01', 2800, 40, 133);
INSERT INTO public.slot VALUES ('GERNORDSb02', 2900, 20, 131);
INSERT INTO public.slot VALUES ('GERNORDSb01', 2800, 30, 131);
INSERT INTO public.slot VALUES ('GERNORDNa02', 2600, 70, 132);
INSERT INTO public.slot VALUES ('GERNORDSb03', 2500, 50, 131);
INSERT INTO public.slot VALUES ('GERNORDNb00', 2600, 90, 133);
INSERT INTO public.slot VALUES ('GERWESTStwo03', 2600, 30, 136);
INSERT INTO public.slot VALUES ('GERWESTMtwo03', 2100, 80, 137);
INSERT INTO public.slot VALUES ('GERWESTMone00', 2900, 50, 135);
INSERT INTO public.slot VALUES ('GERWESTStwo01', 1800, 70, 136);
INSERT INTO public.slot VALUES ('GERWESTSone00', 2100, 60, 138);
INSERT INTO public.slot VALUES ('GERWESTStwo00', 2900, 50, 136);
INSERT INTO public.slot VALUES ('GERWESTMtwo00', 2700, 30, 137);
INSERT INTO public.slot VALUES ('GERWESTStwo02', 2500, 70, 136);
INSERT INTO public.slot VALUES ('GERWESTMtwo01', 2400, 40, 137);
INSERT INTO public.slot VALUES ('GERWESTMtwo02', 2300, 30, 137);
INSERT INTO public.slot VALUES ('GERWESTMone01', 2600, 70, 135);
INSERT INTO public.slot VALUES ('GERWESTSone01', 2500, 20, 138);
INSERT INTO public.slot VALUES ('GERRHINone01', 2200, 50, 139);
INSERT INTO public.slot VALUES ('GERRHINtwo02', 2600, 30, 143);
INSERT INTO public.slot VALUES ('GERRHIUone02', 2400, 90, 141);
INSERT INTO public.slot VALUES ('GERRHINone00', 2200, 90, 139);
INSERT INTO public.slot VALUES ('GERRHINtwo01', 2500, 90, 143);
INSERT INTO public.slot VALUES ('GERRHIUone01', 1700, 90, 141);
INSERT INTO public.slot VALUES ('GERRHIUtwo00', 2000, 50, 142);
INSERT INTO public.slot VALUES ('GERRHIUone03', 1500, 20, 141);
INSERT INTO public.slot VALUES ('GERRHIUtre01', 1800, 60, 140);
INSERT INTO public.slot VALUES ('GERRHIUtre00', 2000, 70, 140);
INSERT INTO public.slot VALUES ('GERRHIUtwo01', 1800, 80, 142);
INSERT INTO public.slot VALUES ('GERRHIUone00', 1700, 40, 141);
INSERT INTO public.slot VALUES ('GERRHINtwo00', 2500, 70, 143);
INSERT INTO public.slot VALUES ('GERRHIUtre02', 2100, 20, 140);
INSERT INTO public.slot VALUES ('GERRHI2Ub01', 2600, 70, 146);
INSERT INTO public.slot VALUES ('GERRHI2Ua01', 2700, 70, 147);
INSERT INTO public.slot VALUES ('GERRHI2Sa03', 2700, 50, 144);
INSERT INTO public.slot VALUES ('GERRHI2Ub03', 2600, 90, 146);
INSERT INTO public.slot VALUES ('GERRHI2Ua02', 2500, 60, 147);
INSERT INTO public.slot VALUES ('GERRHI2Ua00', 1900, 20, 147);
INSERT INTO public.slot VALUES ('GERRHI2Ub00', 2800, 60, 146);
INSERT INTO public.slot VALUES ('GERRHI2Ub02', 2300, 20, 146);
INSERT INTO public.slot VALUES ('GERRHI2Sa02', 2100, 30, 144);
INSERT INTO public.slot VALUES ('GERRHI2Sb01', 2100, 80, 145);
INSERT INTO public.slot VALUES ('GERRHI2Sa01', 1700, 50, 144);
INSERT INTO public.slot VALUES ('GERRHI2Sa00', 2900, 30, 144);
INSERT INTO public.slot VALUES ('GERRHI2Sb00', 2000, 50, 145);
INSERT INTO public.slot VALUES ('ITAMGU1MC02', 1700, 80, 152);
INSERT INTO public.slot VALUES ('ITAMGU1NB02', 2200, 30, 151);
INSERT INTO public.slot VALUES ('ITAMGU1MC03', 2900, 80, 152);
INSERT INTO public.slot VALUES ('ITAMGU1MA01', 2900, 20, 153);
INSERT INTO public.slot VALUES ('ITAMGU1MA00', 2900, 30, 153);
INSERT INTO public.slot VALUES ('ITAMGU1MA02', 2700, 70, 153);
INSERT INTO public.slot VALUES ('ITAMGU1NC03', 2800, 30, 149);
INSERT INTO public.slot VALUES ('ITAMGU1NC00', 2400, 90, 149);
INSERT INTO public.slot VALUES ('ITAMGU1NC01', 2500, 40, 149);
INSERT INTO public.slot VALUES ('ITAMGU1MC01', 2100, 60, 152);
INSERT INTO public.slot VALUES ('ITAMGU1MB00', 2000, 60, 148);
INSERT INTO public.slot VALUES ('ITAMGU1NB01', 2800, 50, 151);
INSERT INTO public.slot VALUES ('ITAMGU1NC02', 2700, 70, 149);
INSERT INTO public.slot VALUES ('ITAMGU1NA00', 2200, 40, 150);
INSERT INTO public.slot VALUES ('ITAMGU1NA01', 2400, 40, 150);
INSERT INTO public.slot VALUES ('ITAMGU1MC00', 1800, 40, 152);
INSERT INTO public.slot VALUES ('ITAMGU1NB00', 1700, 60, 151);
INSERT INTO public.slot VALUES ('ITAMGU1MB01', 2700, 50, 148);
INSERT INTO public.slot VALUES ('ITAMGD2Nd02', 2000, 90, 154);
INSERT INTO public.slot VALUES ('ITAMGD2Ba01', 1900, 80, 157);
INSERT INTO public.slot VALUES ('ITAMGD2Na02', 1500, 80, 159);
INSERT INTO public.slot VALUES ('ITAMGD2Nd00', 2600, 60, 154);
INSERT INTO public.slot VALUES ('ITAMGD2Bb00', 1700, 20, 158);
INSERT INTO public.slot VALUES ('ITAMGD2Bb02', 2300, 40, 158);
INSERT INTO public.slot VALUES ('ITAMGD2Na03', 2900, 70, 159);
INSERT INTO public.slot VALUES ('ITAMGD2Nd01', 1700, 40, 154);
INSERT INTO public.slot VALUES ('ITAMGD2Nb01', 1700, 20, 156);
INSERT INTO public.slot VALUES ('ITAMGD2Nb02', 2900, 20, 156);
INSERT INTO public.slot VALUES ('ITAMGD2Bb01', 1900, 40, 158);
INSERT INTO public.slot VALUES ('ITAMGD2Bd01', 2000, 30, 155);
INSERT INTO public.slot VALUES ('ITAMGD2Na00', 2500, 30, 159);
INSERT INTO public.slot VALUES ('ITAMGD2Ba00', 1600, 40, 157);
INSERT INTO public.slot VALUES ('ITAMGD2Nd03', 1500, 50, 154);
INSERT INTO public.slot VALUES ('ITAMGD2Nb00', 2500, 60, 156);
INSERT INTO public.slot VALUES ('ITAMGD2Bd00', 2200, 70, 155);
INSERT INTO public.slot VALUES ('ITAMGD2Na01', 2200, 70, 159);
INSERT INTO public.slot VALUES ('ITAMGT3U100', 2600, 90, 162);
INSERT INTO public.slot VALUES ('ITAMGT3N100', 2600, 60, 161);
INSERT INTO public.slot VALUES ('ITAMGT3N200', 2200, 90, 160);
INSERT INTO public.slot VALUES ('ITAMGT3U202', 2300, 90, 164);
INSERT INTO public.slot VALUES ('ITAMGT3N202', 1500, 80, 160);
INSERT INTO public.slot VALUES ('ITAMGT3U201', 2600, 40, 164);
INSERT INTO public.slot VALUES ('ITAMGT3N302', 1600, 80, 163);
INSERT INTO public.slot VALUES ('ITAMGT3N300', 1900, 70, 163);
INSERT INTO public.slot VALUES ('ITAMGT3N301', 2000, 80, 163);
INSERT INTO public.slot VALUES ('ITAMGT3U200', 2700, 90, 164);
INSERT INTO public.slot VALUES ('ITAMGT3U102', 1800, 30, 162);
INSERT INTO public.slot VALUES ('ITAMGT3N201', 1700, 90, 160);
INSERT INTO public.slot VALUES ('ITAMGT3U101', 1900, 50, 162);
INSERT INTO public.slot VALUES ('ITAMGT3N101', 2500, 50, 161);
INSERT INTO public.slot VALUES ('ITAMGT3U103', 2700, 50, 162);
INSERT INTO public.slot VALUES ('ITADNBC01', 1700, 60, 168);
INSERT INTO public.slot VALUES ('ITADNBB00', 2700, 40, 165);
INSERT INTO public.slot VALUES ('ITADNMA01', 1500, 70, 167);
INSERT INTO public.slot VALUES ('ITADNMB01', 2900, 70, 169);
INSERT INTO public.slot VALUES ('ITADNMB00', 2100, 20, 169);
INSERT INTO public.slot VALUES ('ITADNBA01', 2400, 30, 166);
INSERT INTO public.slot VALUES ('ITADNMA00', 2400, 60, 167);
INSERT INTO public.slot VALUES ('ITADNBB01', 2700, 70, 165);
INSERT INTO public.slot VALUES ('ITADNBA02', 2800, 90, 166);
INSERT INTO public.slot VALUES ('ITADNBC00', 2400, 60, 168);
INSERT INTO public.slot VALUES ('ITADNBA00', 1600, 20, 166);
INSERT INTO public.slot VALUES ('ITADWNC00', 2500, 30, 174);
INSERT INTO public.slot VALUES ('ITADWNA01', 1700, 30, 170);
INSERT INTO public.slot VALUES ('ITADWSB00', 2700, 20, 172);
INSERT INTO public.slot VALUES ('ITADWSA00', 2800, 80, 171);
INSERT INTO public.slot VALUES ('ITADWNB01', 1500, 40, 173);
INSERT INTO public.slot VALUES ('ITADWNB00', 2900, 80, 173);
INSERT INTO public.slot VALUES ('ITADWNC01', 2000, 20, 174);
INSERT INTO public.slot VALUES ('ITADWSB01', 1900, 60, 172);
INSERT INTO public.slot VALUES ('ITADWSA01', 2700, 40, 171);
INSERT INTO public.slot VALUES ('ITADWNB02', 2600, 30, 173);
INSERT INTO public.slot VALUES ('ITADWNB03', 1500, 60, 173);
INSERT INTO public.slot VALUES ('ITADWNA00', 2000, 20, 170);
INSERT INTO public.slot VALUES ('ITALG1Mone03', 2400, 80, 175);
INSERT INTO public.slot VALUES ('ITALG1Mtre02', 2500, 30, 178);
INSERT INTO public.slot VALUES ('ITALG1Eone01', 1800, 20, 176);
INSERT INTO public.slot VALUES ('ITALG1Etwo03', 2800, 70, 179);
INSERT INTO public.slot VALUES ('ITALG1Mtwo00', 2800, 30, 177);
INSERT INTO public.slot VALUES ('ITALG1Mtre03', 2300, 30, 178);
INSERT INTO public.slot VALUES ('ITALG1Etre02', 2000, 90, 180);
INSERT INTO public.slot VALUES ('ITALG1Mtwo02', 2400, 60, 177);
INSERT INTO public.slot VALUES ('ITALG1Mtwo03', 2800, 90, 177);
INSERT INTO public.slot VALUES ('ITALG1Etwo02', 2700, 90, 179);
INSERT INTO public.slot VALUES ('ITALG1Mone01', 2800, 80, 175);
INSERT INTO public.slot VALUES ('ITALG1Etwo00', 2100, 30, 179);
INSERT INTO public.slot VALUES ('ITALG1Etwo01', 1500, 90, 179);
INSERT INTO public.slot VALUES ('ITALG1Eone00', 2200, 80, 176);
INSERT INTO public.slot VALUES ('ITALG1Etre01', 2200, 60, 180);
INSERT INTO public.slot VALUES ('ITALG1Mtwo01', 1500, 70, 177);
INSERT INTO public.slot VALUES ('ITALG1Etre03', 1800, 40, 180);
INSERT INTO public.slot VALUES ('ITALG1Etre00', 2700, 20, 180);
INSERT INTO public.slot VALUES ('ITALG1Mtre01', 2600, 20, 178);
INSERT INTO public.slot VALUES ('ITALG1Mone00', 1900, 90, 175);
INSERT INTO public.slot VALUES ('ITALG1Mone02', 1800, 80, 175);
INSERT INTO public.slot VALUES ('ITALG1Mtre00', 2000, 50, 178);
INSERT INTO public.slot VALUES ('ITALG2None03', 2600, 20, 185);
INSERT INTO public.slot VALUES ('ITALG2None01', 1900, 50, 185);
INSERT INTO public.slot VALUES ('ITALG2Ntwo01', 2300, 30, 183);
INSERT INTO public.slot VALUES ('ITALG2Ntwo03', 2900, 30, 183);
INSERT INTO public.slot VALUES ('ITALG2Sone02', 1800, 50, 182);
INSERT INTO public.slot VALUES ('ITALG2None00', 1600, 90, 185);
INSERT INTO public.slot VALUES ('ITALG2Stre00', 1600, 80, 184);
INSERT INTO public.slot VALUES ('ITALG2Stre01', 2300, 90, 184);
INSERT INTO public.slot VALUES ('ITALG2Sone03', 2100, 60, 182);
INSERT INTO public.slot VALUES ('ITALG2Ntwo02', 2600, 30, 183);
INSERT INTO public.slot VALUES ('ITALG2Ntre00', 1900, 80, 186);
INSERT INTO public.slot VALUES ('ITALG2Sone00', 2800, 80, 182);
INSERT INTO public.slot VALUES ('ITALG2Sone01', 2700, 50, 182);
INSERT INTO public.slot VALUES ('ITALG2None02', 1600, 80, 185);
INSERT INTO public.slot VALUES ('ITALG2Ntre01', 2400, 60, 186);
INSERT INTO public.slot VALUES ('ITALG2Stwo01', 2400, 80, 181);
INSERT INTO public.slot VALUES ('ITALG2Ntwo00', 1900, 30, 183);
INSERT INTO public.slot VALUES ('ITALG2Stwo00', 1900, 50, 181);
INSERT INTO public.slot VALUES ('USAST1Utwo01', 1700, 90, 190);
INSERT INTO public.slot VALUES ('USAST1Ntre01', 2900, 40, 188);
INSERT INTO public.slot VALUES ('USAST1Ntre03', 2400, 80, 188);
INSERT INTO public.slot VALUES ('USAST1Ntre00', 1800, 50, 188);
INSERT INTO public.slot VALUES ('USAST1Uone01', 2300, 70, 187);
INSERT INTO public.slot VALUES ('USAST1Ntwo00', 1500, 70, 189);
INSERT INTO public.slot VALUES ('USAST1Uone03', 2600, 90, 187);
INSERT INTO public.slot VALUES ('USAST1None01', 2300, 30, 191);
INSERT INTO public.slot VALUES ('USAST1Ntwo01', 2200, 80, 189);
INSERT INTO public.slot VALUES ('USAST1Utwo02', 2300, 60, 190);
INSERT INTO public.slot VALUES ('USAST1Uone02', 1500, 40, 187);
INSERT INTO public.slot VALUES ('USAST1None00', 2800, 60, 191);
INSERT INTO public.slot VALUES ('USAST1Utwo03', 2700, 50, 190);
INSERT INTO public.slot VALUES ('USAST1Utwo00', 1800, 60, 190);
INSERT INTO public.slot VALUES ('USAST1Ntre02', 2100, 40, 188);
INSERT INTO public.slot VALUES ('USAST1Uone00', 2600, 50, 187);
INSERT INTO public.slot VALUES ('USAST2Mtwo01', 2400, 80, 192);
INSERT INTO public.slot VALUES ('USAST2Mtre01', 1700, 50, 195);
INSERT INTO public.slot VALUES ('USAST2Mtwo00', 1500, 30, 192);
INSERT INTO public.slot VALUES ('USAST2Mone03', 2400, 70, 193);
INSERT INTO public.slot VALUES ('USAST2Ntwo00', 2400, 40, 194);
INSERT INTO public.slot VALUES ('USAST2Mone01', 2100, 50, 193);
INSERT INTO public.slot VALUES ('USAST2None01', 2800, 60, 196);
INSERT INTO public.slot VALUES ('USAST2Mone02', 2100, 40, 193);
INSERT INTO public.slot VALUES ('USAST2Mtre00', 2000, 80, 195);
INSERT INTO public.slot VALUES ('USAST2None02', 2800, 20, 196);
INSERT INTO public.slot VALUES ('USAST2None00', 1700, 90, 196);
INSERT INTO public.slot VALUES ('USAST2Ntwo01', 2800, 40, 194);
INSERT INTO public.slot VALUES ('USAST2Mtre02', 2300, 40, 195);
INSERT INTO public.slot VALUES ('USAST2Mone00', 1600, 50, 193);
INSERT INTO public.slot VALUES ('USAWHAB203', 1800, 20, 200);
INSERT INTO public.slot VALUES ('USAWHAB201', 2300, 50, 200);
INSERT INTO public.slot VALUES ('USAWHAE101', 2600, 30, 198);
INSERT INTO public.slot VALUES ('USAWHAB100', 2100, 20, 199);
INSERT INTO public.slot VALUES ('USAWHAE100', 2300, 40, 198);
INSERT INTO public.slot VALUES ('USAWHAB101', 2000, 90, 199);
INSERT INTO public.slot VALUES ('USAWHAE200', 2200, 70, 197);
INSERT INTO public.slot VALUES ('USAWHAE201', 2000, 40, 197);
INSERT INTO public.slot VALUES ('USAWHAB102', 2400, 50, 199);
INSERT INTO public.slot VALUES ('USAWHAB202', 2900, 90, 200);
INSERT INTO public.slot VALUES ('USAWHAB200', 1800, 50, 200);
INSERT INTO public.slot VALUES ('USAWHBM103', 2700, 90, 204);
INSERT INTO public.slot VALUES ('USAWHBM301', 2600, 30, 202);
INSERT INTO public.slot VALUES ('USAWHBM102', 2500, 30, 204);
INSERT INTO public.slot VALUES ('USAWHBM300', 2900, 80, 202);
INSERT INTO public.slot VALUES ('USAWHBE302', 2300, 60, 203);
INSERT INTO public.slot VALUES ('USAWHBE102', 2800, 80, 206);
INSERT INTO public.slot VALUES ('USAWHBM100', 1600, 60, 204);
INSERT INTO public.slot VALUES ('USAWHBE103', 2200, 30, 206);
INSERT INTO public.slot VALUES ('USAWHBM201', 2400, 30, 205);
INSERT INTO public.slot VALUES ('USAWHBM101', 2300, 90, 204);
INSERT INTO public.slot VALUES ('USAWHBM302', 2400, 40, 202);
INSERT INTO public.slot VALUES ('USAWHBE100', 1900, 50, 206);
INSERT INTO public.slot VALUES ('USAWHBE101', 2000, 50, 206);
INSERT INTO public.slot VALUES ('USAWHBE301', 1800, 90, 203);
INSERT INTO public.slot VALUES ('USAWHBE202', 2300, 90, 201);
INSERT INTO public.slot VALUES ('USAWHBE300', 1600, 40, 203);
INSERT INTO public.slot VALUES ('USAWHBE201', 2800, 80, 201);
INSERT INTO public.slot VALUES ('USAWHBM200', 2800, 90, 205);
INSERT INTO public.slot VALUES ('USAWHBE200', 1700, 20, 201);
INSERT INTO public.slot VALUES ('USAWHCSB01', 2800, 90, 211);
INSERT INTO public.slot VALUES ('USAWHCSC03', 1900, 80, 209);
INSERT INTO public.slot VALUES ('USAWHCBA01', 2100, 80, 210);
INSERT INTO public.slot VALUES ('USAWHCSC00', 1600, 30, 209);
INSERT INTO public.slot VALUES ('USAWHCBB00', 2300, 20, 207);
INSERT INTO public.slot VALUES ('USAWHCSC01', 2200, 40, 209);
INSERT INTO public.slot VALUES ('USAWHCSA01', 2400, 50, 208);
INSERT INTO public.slot VALUES ('USAWHCSC02', 2500, 60, 209);
INSERT INTO public.slot VALUES ('USAWHCBB01', 2000, 20, 207);
INSERT INTO public.slot VALUES ('USAWHCBA03', 2600, 30, 210);
INSERT INTO public.slot VALUES ('USAWHCSB02', 2600, 20, 211);
INSERT INTO public.slot VALUES ('USAWHCBA00', 2500, 90, 210);
INSERT INTO public.slot VALUES ('USAWHCSB03', 1700, 40, 211);
INSERT INTO public.slot VALUES ('USAWHCSB00', 2300, 60, 211);
INSERT INTO public.slot VALUES ('USAWHCBA02', 2500, 40, 210);
INSERT INTO public.slot VALUES ('USAWHCSA00', 1700, 70, 208);
INSERT INTO public.slot VALUES ('USAFH1BB01', 1500, 80, 213);
INSERT INTO public.slot VALUES ('USAFH1BB00', 2600, 40, 213);
INSERT INTO public.slot VALUES ('USAFH1BA01', 2500, 20, 215);
INSERT INTO public.slot VALUES ('USAFH1BB03', 2600, 40, 213);
INSERT INTO public.slot VALUES ('USAFH1EA02', 2000, 50, 212);
INSERT INTO public.slot VALUES ('USAFH1EB01', 2800, 50, 214);
INSERT INTO public.slot VALUES ('USAFH1BA02', 2700, 30, 215);
INSERT INTO public.slot VALUES ('USAFH1EA03', 1700, 40, 212);
INSERT INTO public.slot VALUES ('USAFH1EB02', 2900, 20, 214);
INSERT INTO public.slot VALUES ('USAFH1EA01', 2200, 80, 212);
INSERT INTO public.slot VALUES ('USAFH1EA00', 1800, 90, 212);
INSERT INTO public.slot VALUES ('USAFH1EB03', 1900, 90, 214);
INSERT INTO public.slot VALUES ('USAFH1BB02', 1600, 60, 213);
INSERT INTO public.slot VALUES ('USAFH1BA00', 1900, 80, 215);
INSERT INTO public.slot VALUES ('USAFH1EB00', 2000, 60, 214);
INSERT INTO public.slot VALUES ('USAFH2Bd01', 2000, 60, 217);
INSERT INTO public.slot VALUES ('USAFH2Bd02', 2700, 40, 217);
INSERT INTO public.slot VALUES ('USAFH2Ba00', 2500, 20, 218);
INSERT INTO public.slot VALUES ('USAFH2Eb02', 1900, 30, 216);
INSERT INTO public.slot VALUES ('USAFH2Ea00', 1500, 30, 220);
INSERT INTO public.slot VALUES ('USAFH2Eb01', 2200, 50, 216);
INSERT INTO public.slot VALUES ('USAFH2Bb01', 2800, 50, 219);
INSERT INTO public.slot VALUES ('USAFH2Ba02', 2000, 20, 218);
INSERT INTO public.slot VALUES ('USAFH2Bd00', 2200, 20, 217);
INSERT INTO public.slot VALUES ('USAFH2Ba03', 1700, 20, 218);
INSERT INTO public.slot VALUES ('USAFH2Ea02', 2000, 50, 220);
INSERT INTO public.slot VALUES ('USAFH2Ba01', 2900, 50, 218);
INSERT INTO public.slot VALUES ('USAFH2Ea01', 2500, 30, 220);
INSERT INTO public.slot VALUES ('USAFH2Bb00', 2800, 30, 219);
INSERT INTO public.slot VALUES ('USAFH2Eb00', 2100, 90, 216);
INSERT INTO public.slot VALUES ('USAFH2Bb02', 2500, 80, 219);


--
-- TOC entry 4932 (class 0 OID 68252)
-- Dependencies: 220
-- Data for Name: slotentry; Type: TABLE DATA; Schema: public; Owner: postgres
--

INSERT INTO public.slotentry OVERRIDING SYSTEM VALUE VALUES (1, 'AUTWAR1M100', 1, 10);
INSERT INTO public.slotentry OVERRIDING SYSTEM VALUE VALUES (64, 'AUTWAR1M100', 32, 10);
INSERT INTO public.slotentry OVERRIDING SYSTEM VALUE VALUES (65, 'AUTWAR2NA03', 32, 30);
INSERT INTO public.slotentry OVERRIDING SYSTEM VALUE VALUES (66, 'AUTWAR2NB01', 32, 35);
INSERT INTO public.slotentry OVERRIDING SYSTEM VALUE VALUES (67, 'AUTWAR1M100', 33, 10);
INSERT INTO public.slotentry OVERRIDING SYSTEM VALUE VALUES (68, 'AUTWAR2NA03', 33, 30);
INSERT INTO public.slotentry OVERRIDING SYSTEM VALUE VALUES (69, 'AUTWAR2NA01', 33, 4);
INSERT INTO public.slotentry OVERRIDING SYSTEM VALUE VALUES (70, 'AUTWAR1M100', 34, 10);
INSERT INTO public.slotentry OVERRIDING SYSTEM VALUE VALUES (71, 'AUTWAR2NA03', 34, 30);
INSERT INTO public.slotentry OVERRIDING SYSTEM VALUE VALUES (72, 'AUTWAR2NA01', 34, 3);
INSERT INTO public.slotentry OVERRIDING SYSTEM VALUE VALUES (73, 'AUTWAR1M100', 35, 10);
INSERT INTO public.slotentry OVERRIDING SYSTEM VALUE VALUES (74, 'AUTWAR2NA03', 35, 30);
INSERT INTO public.slotentry OVERRIDING SYSTEM VALUE VALUES (75, 'AUTWAR2NB01', 35, 29);
INSERT INTO public.slotentry OVERRIDING SYSTEM VALUE VALUES (76, 'AUTWAR1M100', 36, 10);
INSERT INTO public.slotentry OVERRIDING SYSTEM VALUE VALUES (77, 'AUTWAR2NA03', 36, 30);
INSERT INTO public.slotentry OVERRIDING SYSTEM VALUE VALUES (78, 'AUTWAR2NA01', 36, 27);
INSERT INTO public.slotentry OVERRIDING SYSTEM VALUE VALUES (79, 'AUTWAR1M100', 37, 10);
INSERT INTO public.slotentry OVERRIDING SYSTEM VALUE VALUES (80, 'AUTWAR2NA03', 37, 30);
INSERT INTO public.slotentry OVERRIDING SYSTEM VALUE VALUES (81, 'AUTWAR2NB01', 37, 34);
INSERT INTO public.slotentry OVERRIDING SYSTEM VALUE VALUES (82, 'AUTWAR1M100', 38, 10);
INSERT INTO public.slotentry OVERRIDING SYSTEM VALUE VALUES (83, 'AUTWAR2NA03', 38, 30);
INSERT INTO public.slotentry OVERRIDING SYSTEM VALUE VALUES (84, 'AUTWAR2NA01', 38, 10);
INSERT INTO public.slotentry OVERRIDING SYSTEM VALUE VALUES (85, 'AUTWAR1M100', 39, 10);
INSERT INTO public.slotentry OVERRIDING SYSTEM VALUE VALUES (86, 'AUTWAR2NA03', 39, 30);
INSERT INTO public.slotentry OVERRIDING SYSTEM VALUE VALUES (87, 'AUTWAR2NB01', 39, 7);
INSERT INTO public.slotentry OVERRIDING SYSTEM VALUE VALUES (88, 'AUTWAR1M100', 40, 10);
INSERT INTO public.slotentry OVERRIDING SYSTEM VALUE VALUES (89, 'AUTWAR2NA03', 40, 30);
INSERT INTO public.slotentry OVERRIDING SYSTEM VALUE VALUES (90, 'AUTWAR2NB01', 40, 17);
INSERT INTO public.slotentry OVERRIDING SYSTEM VALUE VALUES (91, 'AUTWAR1M200', 41, 20);
INSERT INTO public.slotentry OVERRIDING SYSTEM VALUE VALUES (92, 'AUTWAR2UA01', 41, 20);
INSERT INTO public.slotentry OVERRIDING SYSTEM VALUE VALUES (93, 'AUTWAR1M301', 41, 20);
INSERT INTO public.slotentry OVERRIDING SYSTEM VALUE VALUES (94, 'AUTWAR1U203', 41, 15);
INSERT INTO public.slotentry OVERRIDING SYSTEM VALUE VALUES (95, 'AUTLOGAEone01', 42, 30);
INSERT INTO public.slotentry OVERRIDING SYSTEM VALUE VALUES (96, 'AUTLOGAEtwo01', 42, 19);
INSERT INTO public.slotentry OVERRIDING SYSTEM VALUE VALUES (97, 'AUTLOGAEone01', 43, 30);
INSERT INTO public.slotentry OVERRIDING SYSTEM VALUE VALUES (98, 'AUTLOGAEtwo01', 43, 26);
INSERT INTO public.slotentry OVERRIDING SYSTEM VALUE VALUES (99, 'AUTLOGBMB01', 44, 20);
INSERT INTO public.slotentry OVERRIDING SYSTEM VALUE VALUES (100, 'AUTLOGBMB00', 44, 20);
INSERT INTO public.slotentry OVERRIDING SYSTEM VALUE VALUES (101, 'AUTLOGAEtre02', 44, 30);
INSERT INTO public.slotentry OVERRIDING SYSTEM VALUE VALUES (102, 'AUTLOGAEtwo01', 45, 5);
INSERT INTO public.slotentry OVERRIDING SYSTEM VALUE VALUES (103, 'AUTLOGAEtwo02', 45, 50);
INSERT INTO public.slotentry OVERRIDING SYSTEM VALUE VALUES (104, 'AUTLOGAEtwo00', 45, 3);
INSERT INTO public.slotentry OVERRIDING SYSTEM VALUE VALUES (105, 'AUTLOGAEtwo01', 46, 5);
INSERT INTO public.slotentry OVERRIDING SYSTEM VALUE VALUES (106, 'AUTLOGAEtwo02', 46, 50);
INSERT INTO public.slotentry OVERRIDING SYSTEM VALUE VALUES (107, 'AUTLOGAEtwo00', 46, 19);
INSERT INTO public.slotentry OVERRIDING SYSTEM VALUE VALUES (108, 'AUTLOGBNB01', 47, 40);
INSERT INTO public.slotentry OVERRIDING SYSTEM VALUE VALUES (109, 'AUTLOGBNA02', 47, 34);
INSERT INTO public.slotentry OVERRIDING SYSTEM VALUE VALUES (110, 'AUTWAR1M302', 48, 40);
INSERT INTO public.slotentry OVERRIDING SYSTEM VALUE VALUES (111, 'AUTWAR2NA01', 48, 6);
INSERT INTO public.slotentry OVERRIDING SYSTEM VALUE VALUES (112, 'AUTWAR1M303', 48, 3);
INSERT INTO public.slotentry OVERRIDING SYSTEM VALUE VALUES (113, 'AUTWAR1M302', 49, 40);
INSERT INTO public.slotentry OVERRIDING SYSTEM VALUE VALUES (114, 'AUTWAR1M303', 49, 2);
INSERT INTO public.slotentry OVERRIDING SYSTEM VALUE VALUES (115, 'AUTWAR1M302', 50, 40);
INSERT INTO public.slotentry OVERRIDING SYSTEM VALUE VALUES (116, 'AUTWAR2NA01', 50, 6);
INSERT INTO public.slotentry OVERRIDING SYSTEM VALUE VALUES (117, 'AUTWAR1M303', 50, 30);
INSERT INTO public.slotentry OVERRIDING SYSTEM VALUE VALUES (118, 'AUTWAR1M302', 51, 40);
INSERT INTO public.slotentry OVERRIDING SYSTEM VALUE VALUES (119, 'AUTWAR2NA01', 51, 5);
INSERT INTO public.slotentry OVERRIDING SYSTEM VALUE VALUES (120, 'AUTWAR1M302', 52, 40);
INSERT INTO public.slotentry OVERRIDING SYSTEM VALUE VALUES (121, 'AUTWAR1M302', 53, 40);
INSERT INTO public.slotentry OVERRIDING SYSTEM VALUE VALUES (122, 'AUTWAR2NA01', 53, 6);
INSERT INTO public.slotentry OVERRIDING SYSTEM VALUE VALUES (123, 'AUTWAR1M303', 53, 1);
INSERT INTO public.slotentry OVERRIDING SYSTEM VALUE VALUES (124, 'AUTLOGAEtwo00', 54, 48);
INSERT INTO public.slotentry OVERRIDING SYSTEM VALUE VALUES (125, 'AUTLOGAEtwo00', 55, 43);
INSERT INTO public.slotentry OVERRIDING SYSTEM VALUE VALUES (126, 'AUTLOGAEtwo00', 56, 46);
INSERT INTO public.slotentry OVERRIDING SYSTEM VALUE VALUES (127, 'AUTLOGAEone00', 57, 52);
INSERT INTO public.slotentry OVERRIDING SYSTEM VALUE VALUES (128, 'AUTLOGAEtre00', 58, 40);
INSERT INTO public.slotentry OVERRIDING SYSTEM VALUE VALUES (129, 'AUTLOGBNA02', 58, 6);
INSERT INTO public.slotentry OVERRIDING SYSTEM VALUE VALUES (130, 'AUTLOGBNA00', 58, 7);
INSERT INTO public.slotentry OVERRIDING SYSTEM VALUE VALUES (131, 'AUTLOGAEone00', 59, 58);
INSERT INTO public.slotentry OVERRIDING SYSTEM VALUE VALUES (132, 'AUTWAR1M303', 60, 14);
INSERT INTO public.slotentry OVERRIDING SYSTEM VALUE VALUES (133, 'AUTWAR1M101', 60, 59);
INSERT INTO public.slotentry OVERRIDING SYSTEM VALUE VALUES (134, 'AUTWAR1M303', 61, 14);
INSERT INTO public.slotentry OVERRIDING SYSTEM VALUE VALUES (135, 'AUTWAR1M101', 61, 43);
INSERT INTO public.slotentry OVERRIDING SYSTEM VALUE VALUES (136, 'AUTWAR1M303', 62, 14);
INSERT INTO public.slotentry OVERRIDING SYSTEM VALUE VALUES (137, 'AUTWAR1M101', 62, 26);
INSERT INTO public.slotentry OVERRIDING SYSTEM VALUE VALUES (138, 'AUTWAR1M303', 63, 14);
INSERT INTO public.slotentry OVERRIDING SYSTEM VALUE VALUES (139, 'AUTWAR1M101', 63, 53);
INSERT INTO public.slotentry OVERRIDING SYSTEM VALUE VALUES (140, 'AUTWAR1M303', 64, 14);
INSERT INTO public.slotentry OVERRIDING SYSTEM VALUE VALUES (141, 'AUTWAR1M101', 64, 28);
INSERT INTO public.slotentry OVERRIDING SYSTEM VALUE VALUES (142, 'ITADNMB00', 65, 20);
INSERT INTO public.slotentry OVERRIDING SYSTEM VALUE VALUES (143, 'ITADWNC01', 65, 20);
INSERT INTO public.slotentry OVERRIDING SYSTEM VALUE VALUES (144, 'ITADWNC00', 65, 11);
INSERT INTO public.slotentry OVERRIDING SYSTEM VALUE VALUES (145, 'ITADWNB02', 66, 30);
INSERT INTO public.slotentry OVERRIDING SYSTEM VALUE VALUES (146, 'ITADWNB01', 66, 13);
INSERT INTO public.slotentry OVERRIDING SYSTEM VALUE VALUES (147, 'ITADNMB00', 67, 20);
INSERT INTO public.slotentry OVERRIDING SYSTEM VALUE VALUES (148, 'ITADWNC01', 67, 20);
INSERT INTO public.slotentry OVERRIDING SYSTEM VALUE VALUES (149, 'ITADWNC00', 67, 30);
INSERT INTO public.slotentry OVERRIDING SYSTEM VALUE VALUES (150, 'ITADNBB00', 67, 1);
INSERT INTO public.slotentry OVERRIDING SYSTEM VALUE VALUES (151, 'ITADNMB00', 68, 20);
INSERT INTO public.slotentry OVERRIDING SYSTEM VALUE VALUES (152, 'ITADWNC01', 68, 20);
INSERT INTO public.slotentry OVERRIDING SYSTEM VALUE VALUES (153, 'ITADWNC00', 68, 29);
INSERT INTO public.slotentry OVERRIDING SYSTEM VALUE VALUES (154, 'ITADWNB02', 69, 30);
INSERT INTO public.slotentry OVERRIDING SYSTEM VALUE VALUES (155, 'ITADWNB01', 69, 17);
INSERT INTO public.slotentry OVERRIDING SYSTEM VALUE VALUES (156, 'BELMTStwo03', 70, 20);
INSERT INTO public.slotentry OVERRIDING SYSTEM VALUE VALUES (157, 'BELMS2None00', 70, 29);
INSERT INTO public.slotentry OVERRIDING SYSTEM VALUE VALUES (158, 'BELA3Eb01', 71, 30);
INSERT INTO public.slotentry OVERRIDING SYSTEM VALUE VALUES (159, 'BELA3Ea00', 71, 30);
INSERT INTO public.slotentry OVERRIDING SYSTEM VALUE VALUES (160, 'BELA2E101', 71, 8);
INSERT INTO public.slotentry OVERRIDING SYSTEM VALUE VALUES (161, 'BELA3Eb01', 72, 30);
INSERT INTO public.slotentry OVERRIDING SYSTEM VALUE VALUES (162, 'BELA3Ea00', 72, 21);
INSERT INTO public.slotentry OVERRIDING SYSTEM VALUE VALUES (163, 'BELA3Eb01', 73, 30);
INSERT INTO public.slotentry OVERRIDING SYSTEM VALUE VALUES (164, 'BELA3Ea00', 73, 30);
INSERT INTO public.slotentry OVERRIDING SYSTEM VALUE VALUES (165, 'BELA2E101', 73, 11);
INSERT INTO public.slotentry OVERRIDING SYSTEM VALUE VALUES (166, 'BELMS2None00', 74, 21);
INSERT INTO public.slotentry OVERRIDING SYSTEM VALUE VALUES (167, 'BELMTStwo00', 74, 21);
INSERT INTO public.slotentry OVERRIDING SYSTEM VALUE VALUES (168, 'GERLH2E101', 75, 20);
INSERT INTO public.slotentry OVERRIDING SYSTEM VALUE VALUES (169, 'GERLH2E100', 75, 31);
INSERT INTO public.slotentry OVERRIDING SYSTEM VALUE VALUES (170, 'GERLH2E101', 76, 20);
INSERT INTO public.slotentry OVERRIDING SYSTEM VALUE VALUES (171, 'GERLH2E100', 76, 41);
INSERT INTO public.slotentry OVERRIDING SYSTEM VALUE VALUES (172, 'GERWESTStwo03', 77, 30);
INSERT INTO public.slotentry OVERRIDING SYSTEM VALUE VALUES (173, 'GERWESTStwo00', 77, 19);
INSERT INTO public.slotentry OVERRIDING SYSTEM VALUE VALUES (174, 'GERWESTStwo03', 78, 30);
INSERT INTO public.slotentry OVERRIDING SYSTEM VALUE VALUES (175, 'GERWESTStwo00', 78, 24);
INSERT INTO public.slotentry OVERRIDING SYSTEM VALUE VALUES (176, 'GERWESTStwo03', 79, 30);
INSERT INTO public.slotentry OVERRIDING SYSTEM VALUE VALUES (177, 'GERWESTStwo00', 79, 18);
INSERT INTO public.slotentry OVERRIDING SYSTEM VALUE VALUES (178, 'GERWESTStwo03', 80, 30);
INSERT INTO public.slotentry OVERRIDING SYSTEM VALUE VALUES (179, 'GERWESTStwo00', 80, 42);
INSERT INTO public.slotentry OVERRIDING SYSTEM VALUE VALUES (180, 'GERLH1Bone01', 81, 20);
INSERT INTO public.slotentry OVERRIDING SYSTEM VALUE VALUES (181, 'GERLH1Btre00', 81, 20);
INSERT INTO public.slotentry OVERRIDING SYSTEM VALUE VALUES (182, 'GERLH3N301', 81, 6);
INSERT INTO public.slotentry OVERRIDING SYSTEM VALUE VALUES (183, 'GERLH1Btre00', 82, 20);
INSERT INTO public.slotentry OVERRIDING SYSTEM VALUE VALUES (184, 'GERLH1Bone01', 82, 20);
INSERT INTO public.slotentry OVERRIDING SYSTEM VALUE VALUES (185, 'GERLH1Bone02', 82, 30);
INSERT INTO public.slotentry OVERRIDING SYSTEM VALUE VALUES (186, 'GERLH1Bone00', 82, 8);
INSERT INTO public.slotentry OVERRIDING SYSTEM VALUE VALUES (187, 'GERLH1Btre00', 83, 20);
INSERT INTO public.slotentry OVERRIDING SYSTEM VALUE VALUES (188, 'GERLH1Bone01', 83, 20);
INSERT INTO public.slotentry OVERRIDING SYSTEM VALUE VALUES (189, 'GERLH1Bone02', 83, 23);
INSERT INTO public.slotentry OVERRIDING SYSTEM VALUE VALUES (190, 'GERLH3N202', 84, 40);
INSERT INTO public.slotentry OVERRIDING SYSTEM VALUE VALUES (191, 'GERLH3N201', 84, 4);
INSERT INTO public.slotentry OVERRIDING SYSTEM VALUE VALUES (192, 'GERLH1Bone01', 85, 20);
INSERT INTO public.slotentry OVERRIDING SYSTEM VALUE VALUES (193, 'GERLH1Btre00', 85, 20);
INSERT INTO public.slotentry OVERRIDING SYSTEM VALUE VALUES (194, 'GERLH3N301', 85, 4);
INSERT INTO public.slotentry OVERRIDING SYSTEM VALUE VALUES (195, 'GERLH1Bone01', 86, 20);
INSERT INTO public.slotentry OVERRIDING SYSTEM VALUE VALUES (196, 'GERLH1Btre00', 86, 20);
INSERT INTO public.slotentry OVERRIDING SYSTEM VALUE VALUES (197, 'GERLH3N301', 86, 20);
INSERT INTO public.slotentry OVERRIDING SYSTEM VALUE VALUES (198, 'GERLH3N300', 86, 12);
INSERT INTO public.slotentry OVERRIDING SYSTEM VALUE VALUES (199, 'GERLH3N202', 87, 40);
INSERT INTO public.slotentry OVERRIDING SYSTEM VALUE VALUES (200, 'GERLH3N201', 87, 8);
INSERT INTO public.slotentry OVERRIDING SYSTEM VALUE VALUES (201, 'GERLH3N202', 88, 40);
INSERT INTO public.slotentry OVERRIDING SYSTEM VALUE VALUES (202, 'GERLH3N201', 88, 36);
INSERT INTO public.slotentry OVERRIDING SYSTEM VALUE VALUES (203, 'USAST2None02', 89, 20);
INSERT INTO public.slotentry OVERRIDING SYSTEM VALUE VALUES (204, 'USAST2Mtre02', 89, 38);
INSERT INTO public.slotentry OVERRIDING SYSTEM VALUE VALUES (205, 'USAST2Mtre02', 90, 40);
INSERT INTO public.slotentry OVERRIDING SYSTEM VALUE VALUES (206, 'USAST2Mtre01', 90, 1);
INSERT INTO public.slotentry OVERRIDING SYSTEM VALUE VALUES (207, 'USAST1None01', 91, 30);
INSERT INTO public.slotentry OVERRIDING SYSTEM VALUE VALUES (208, 'USAST1Ntre01', 91, 35);
INSERT INTO public.slotentry OVERRIDING SYSTEM VALUE VALUES (209, 'USAST1None01', 92, 30);
INSERT INTO public.slotentry OVERRIDING SYSTEM VALUE VALUES (210, 'USAST1Ntre01', 92, 17);
INSERT INTO public.slotentry OVERRIDING SYSTEM VALUE VALUES (211, 'USAST2None02', 93, 20);
INSERT INTO public.slotentry OVERRIDING SYSTEM VALUE VALUES (212, 'USAST2Mtre02', 93, 31);
INSERT INTO public.slotentry OVERRIDING SYSTEM VALUE VALUES (213, 'USAST2Mtre02', 94, 40);
INSERT INTO public.slotentry OVERRIDING SYSTEM VALUE VALUES (214, 'USAST2Mtre01', 94, 3);
INSERT INTO public.slotentry OVERRIDING SYSTEM VALUE VALUES (215, 'USAST2None02', 95, 20);
INSERT INTO public.slotentry OVERRIDING SYSTEM VALUE VALUES (216, 'USAST2Mtre02', 95, 26);
INSERT INTO public.slotentry OVERRIDING SYSTEM VALUE VALUES (217, 'USAST1None01', 96, 30);
INSERT INTO public.slotentry OVERRIDING SYSTEM VALUE VALUES (218, 'USAST1Ntre01', 96, 35);
INSERT INTO public.slotentry OVERRIDING SYSTEM VALUE VALUES (219, 'USAFH1EB02', 97, 20);
INSERT INTO public.slotentry OVERRIDING SYSTEM VALUE VALUES (220, 'USAFH2Ea01', 97, 30);
INSERT INTO public.slotentry OVERRIDING SYSTEM VALUE VALUES (221, 'USAFH1BA01', 98, 20);
INSERT INTO public.slotentry OVERRIDING SYSTEM VALUE VALUES (222, 'USAFH1BA02', 98, 26);
INSERT INTO public.slotentry OVERRIDING SYSTEM VALUE VALUES (223, 'USAFH1BA01', 99, 20);
INSERT INTO public.slotentry OVERRIDING SYSTEM VALUE VALUES (224, 'USAFH1BA02', 99, 30);
INSERT INTO public.slotentry OVERRIDING SYSTEM VALUE VALUES (225, 'USAFH1BB00', 99, 3);
INSERT INTO public.slotentry OVERRIDING SYSTEM VALUE VALUES (226, 'USAFH1BA01', 100, 20);
INSERT INTO public.slotentry OVERRIDING SYSTEM VALUE VALUES (227, 'USAFH1BA02', 100, 30);
INSERT INTO public.slotentry OVERRIDING SYSTEM VALUE VALUES (228, 'USAFH1BB00', 100, 13);
INSERT INTO public.slotentry OVERRIDING SYSTEM VALUE VALUES (229, 'USAFH1BA01', 101, 20);
INSERT INTO public.slotentry OVERRIDING SYSTEM VALUE VALUES (230, 'USAFH1BA02', 101, 28);
INSERT INTO public.slotentry OVERRIDING SYSTEM VALUE VALUES (231, 'USAFH2Eb02', 102, 30);
INSERT INTO public.slotentry OVERRIDING SYSTEM VALUE VALUES (232, 'USAFH2Ea01', 102, 12);
INSERT INTO public.slotentry OVERRIDING SYSTEM VALUE VALUES (233, 'USAFH2Eb02', 103, 30);
INSERT INTO public.slotentry OVERRIDING SYSTEM VALUE VALUES (234, 'USAFH2Ea01', 103, 12);
INSERT INTO public.slotentry OVERRIDING SYSTEM VALUE VALUES (235, 'USAFH1BA01', 104, 20);
INSERT INTO public.slotentry OVERRIDING SYSTEM VALUE VALUES (236, 'USAFH1BA02', 104, 30);
INSERT INTO public.slotentry OVERRIDING SYSTEM VALUE VALUES (237, 'USAFH1BB00', 104, 28);
INSERT INTO public.slotentry OVERRIDING SYSTEM VALUE VALUES (238, 'USAFH1EB02', 105, 20);
INSERT INTO public.slotentry OVERRIDING SYSTEM VALUE VALUES (239, 'USAFH2Ea01', 105, 30);
INSERT INTO public.slotentry OVERRIDING SYSTEM VALUE VALUES (240, 'USAFH2Eb02', 105, 28);
INSERT INTO public.slotentry OVERRIDING SYSTEM VALUE VALUES (241, 'USAWHCSB02', 106, 20);
INSERT INTO public.slotentry OVERRIDING SYSTEM VALUE VALUES (242, 'USAWHAE201', 106, 40);
INSERT INTO public.slotentry OVERRIDING SYSTEM VALUE VALUES (243, 'USAWHCSB03', 106, 7);
INSERT INTO public.slotentry OVERRIDING SYSTEM VALUE VALUES (244, 'USAWHCSB02', 107, 20);
INSERT INTO public.slotentry OVERRIDING SYSTEM VALUE VALUES (245, 'USAWHAE201', 107, 33);
INSERT INTO public.slotentry OVERRIDING SYSTEM VALUE VALUES (246, 'USAWHCSB02', 108, 20);
INSERT INTO public.slotentry OVERRIDING SYSTEM VALUE VALUES (247, 'USAWHAE201', 108, 29);


--
-- TOC entry 4930 (class 0 OID 68207)
-- Dependencies: 218
-- Data for Name: storage; Type: TABLE DATA; Schema: public; Owner: postgres
--

INSERT INTO public.storage VALUES (26, 'normal2', 2.10, 83, 3, 'AUTLA11');
INSERT INTO public.storage VALUES (28, 'normalA', 2.40, 76, 3, 'AUTZENT');
INSERT INTO public.storage VALUES (17, 'basicA', 3.80, 78, 3, 'AUTWAR4');
INSERT INTO public.storage VALUES (19, 'normalb', 3.00, 89, 1, 'AUTLA8');
INSERT INTO public.storage VALUES (99, 'normaltwo', 2.50, 83, 3, 'BELA1');
INSERT INTO public.storage VALUES (22, 'normala', 2.40, 78, 2, 'AUTLA8');
INSERT INTO public.storage VALUES (24, 'normal1', 3.00, 81, 2, 'AUTLA11');
INSERT INTO public.storage VALUES (23, 'super1', 0.20, 97, 5, 'AUTLA11');
INSERT INTO public.storage VALUES (25, 'super2', 0.30, 98, 5, 'AUTLA11');
INSERT INTO public.storage VALUES (29, 'basicC', 3.50, 80, 3, 'AUTZENT');
INSERT INTO public.storage VALUES (77, 'normal2', 2.60, 79, 3, 'BELMN1');
INSERT INTO public.storage VALUES (33, 'exotictre', 1.50, 91, 3, 'AUTLOGA');
INSERT INTO public.storage VALUES (60, 'normalB', 2.60, 89, 3, 'AUTVZ3');
INSERT INTO public.storage VALUES (21, 'simpleb', 3.10, 75, 3, 'AUTLA8');
INSERT INTO public.storage VALUES (32, 'normalC', 2.40, 85, 3, 'AUTZENT');
INSERT INTO public.storage VALUES (38, 'simpleone', 3.20, 74, 1, 'AUTLOGA');
INSERT INTO public.storage VALUES (84, 'simpletwo', 3.90, 74, 3, 'BELMB');
INSERT INTO public.storage VALUES (43, 'normalA', 2.20, 87, 3, 'AUTLOGB');
INSERT INTO public.storage VALUES (49, 'supera', 0.50, 96, 4, 'AUTVZ1');
INSERT INTO public.storage VALUES (50, 'superd', 0.50, 97, 5, 'AUTVZ1');
INSERT INTO public.storage VALUES (53, 'superb', 0.20, 99, 4, 'AUTVZ1');
INSERT INTO public.storage VALUES (54, 'exoticb', 1.00, 94, 3, 'AUTVZ2');
INSERT INTO public.storage VALUES (44, 'basicb', 3.90, 79, 2, 'AUTLOGC');
INSERT INTO public.storage VALUES (56, 'exotica', 1.20, 92, 4, 'AUTVZ2');
INSERT INTO public.storage VALUES (45, 'basicd', 3.50, 74, 3, 'AUTLOGC');
INSERT INTO public.storage VALUES (58, 'exoticA', 1.80, 93, 3, 'AUTVZ3');
INSERT INTO public.storage VALUES (61, 'exoticB', 1.90, 94, 5, 'AUTVZ3');
INSERT INTO public.storage VALUES (63, 'exoticA', 1.10, 91, 4, 'AUTDP1');
INSERT INTO public.storage VALUES (64, 'superA', 0.40, 97, 5, 'AUTDP1');
INSERT INTO public.storage VALUES (65, 'superB', 0.30, 98, 5, 'AUTDP1');
INSERT INTO public.storage VALUES (66, 'exoticB', 1.90, 93, 5, 'AUTDP1');
INSERT INTO public.storage VALUES (67, 'exotictwo', 1.50, 92, 5, 'AUTDP3');
INSERT INTO public.storage VALUES (68, 'exoticone', 1.30, 91, 4, 'AUTDP3');
INSERT INTO public.storage VALUES (69, 'exotictre', 1.10, 93, 3, 'AUTDP3');
INSERT INTO public.storage VALUES (51, 'normalb', 2.10, 88, 2, 'AUTVZ1');
INSERT INTO public.storage VALUES (52, 'normala', 3.00, 77, 1, 'AUTVZ1');
INSERT INTO public.storage VALUES (59, 'normalA', 2.50, 84, 2, 'AUTVZ3');
INSERT INTO public.storage VALUES (62, 'normalC', 2.60, 86, 1, 'AUTVZ3');
INSERT INTO public.storage VALUES (72, 'normalA', 2.50, 78, 3, 'AUTDP4');
INSERT INTO public.storage VALUES (73, 'normalB', 2.90, 84, 2, 'AUTDP4');
INSERT INTO public.storage VALUES (74, 'basicB', 3.70, 77, 2, 'AUTDP4');
INSERT INTO public.storage VALUES (86, 'superone', 0.20, 98, 4, 'BELMT');
INSERT INTO public.storage VALUES (79, 'normal1', 2.90, 79, 2, 'BELMN1');
INSERT INTO public.storage VALUES (88, 'supertwo', 0.30, 99, 5, 'BELMT');
INSERT INTO public.storage VALUES (90, 'basic1', 4.10, 80, 3, 'BELMD');
INSERT INTO public.storage VALUES (93, 'basic2', 3.60, 74, 3, 'BELMD');
INSERT INTO public.storage VALUES (94, 'simple2', 3.80, 75, 2, 'BELMD');
INSERT INTO public.storage VALUES (96, 'normalone', 2.40, 89, 3, 'BELMS2');
INSERT INTO public.storage VALUES (97, 'normaltwo', 2.70, 89, 2, 'BELMS2');
INSERT INTO public.storage VALUES (31, 'normalB', 2.40, 77, 3, 'AUTZENT');
INSERT INTO public.storage VALUES (105, 'exotic2', 1.30, 91, 3, 'BELA2');
INSERT INTO public.storage VALUES (9, 'normalB', 2.80, 84, 3, 'AUTWAR2');
INSERT INTO public.storage VALUES (108, 'exotic1', 1.30, 95, 4, 'BELA2');
INSERT INTO public.storage VALUES (12, 'normalC', 2.20, 89, 2, 'AUTWAR2');
INSERT INTO public.storage VALUES (112, 'exoticd', 1.10, 91, 3, 'BELA3');
INSERT INTO public.storage VALUES (113, 'exoticb', 1.10, 92, 5, 'BELA3');
INSERT INTO public.storage VALUES (116, 'supertwo', 0.20, 99, 4, 'GERLH1');
INSERT INTO public.storage VALUES (117, 'supertre', 0.30, 97, 5, 'GERLH1');
INSERT INTO public.storage VALUES (119, 'superone', 0.30, 99, 5, 'GERLH1');
INSERT INTO public.storage VALUES (2, 'good1', 2.10, 91, 5, 'AUTWAR1');
INSERT INTO public.storage VALUES (7, 'goodA', 1.50, 91, 5, 'AUTWAR2');
INSERT INTO public.storage VALUES (122, 'exotic1', 1.60, 95, 5, 'GERLH2');
INSERT INTO public.storage VALUES (109, 'exotica', 1.90, 91, 5, 'BELA3');
INSERT INTO public.storage VALUES (37, 'exotictwo', 1.60, 92, 5, 'AUTLOGA');
INSERT INTO public.storage VALUES (36, 'exoticone', 1.40, 93, 5, 'AUTLOGA');
INSERT INTO public.storage VALUES (40, 'normalB', 2.90, 88, 3, 'AUTLOGB');
INSERT INTO public.storage VALUES (123, 'exotic3', 1.10, 92, 3, 'GERLH2');
INSERT INTO public.storage VALUES (124, 'exotic2', 1.70, 91, 4, 'GERLH2');
INSERT INTO public.storage VALUES (110, 'normala', 2.20, 88, 3, 'BELA3');
INSERT INTO public.storage VALUES (149, 'normalC', 2.40, 78, 3, 'ITAMGU1');
INSERT INTO public.storage VALUES (130, 'supera', 0.10, 99, 5, 'GERNORD');
INSERT INTO public.storage VALUES (131, 'superb', 0.20, 99, 5, 'GERNORD');
INSERT INTO public.storage VALUES (154, 'normald', 2.70, 80, 3, 'ITAMGD2');
INSERT INTO public.storage VALUES (136, 'supertwo', 0.40, 96, 5, 'GERWEST');
INSERT INTO public.storage VALUES (148, 'simpleB', 3.10, 74, 3, 'ITAMGU1');
INSERT INTO public.storage VALUES (138, 'superone', 0.20, 98, 5, 'GERWEST');
INSERT INTO public.storage VALUES (100, 'normalone', 2.30, 79, 2, 'BELA1');
INSERT INTO public.storage VALUES (103, 'normaltre', 2.70, 77, 1, 'BELA1');
INSERT INTO public.storage VALUES (104, 'simpletre', 3.50, 75, 1, 'BELA1');
INSERT INTO public.storage VALUES (144, 'supera', 0.30, 97, 4, 'GERRHI2');
INSERT INTO public.storage VALUES (145, 'superb', 0.20, 98, 5, 'GERRHI2');
INSERT INTO public.storage VALUES (111, 'normalb', 2.20, 81, 1, 'BELA3');
INSERT INTO public.storage VALUES (35, 'simpletre', 3.80, 80, 3, 'AUTLOGA');
INSERT INTO public.storage VALUES (114, 'basicone', 4.10, 79, 3, 'GERLH1');
INSERT INTO public.storage VALUES (1, 'uncool3', 5.90, 75, 3, 'AUTWAR1');
INSERT INTO public.storage VALUES (30, 'basicB', 3.40, 80, 3, 'AUTZENT');
INSERT INTO public.storage VALUES (13, 'basicC', 4.00, 78, 2, 'AUTWAR4');
INSERT INTO public.storage VALUES (39, 'simpleC', 4.10, 79, 2, 'AUTLOGB');
INSERT INTO public.storage VALUES (85, 'simpletre', 4.10, 77, 1, 'BELMB');
INSERT INTO public.storage VALUES (198, 'exotic1', 1.50, 91, 4, 'USAWHA');
INSERT INTO public.storage VALUES (101, 'simpletwo', 3.20, 77, 2, 'BELA1');
INSERT INTO public.storage VALUES (5, 'simple3', 2.30, 91, 5, 'AUTWAR1');
INSERT INTO public.storage VALUES (171, 'superA', 0.20, 99, 4, 'ITADW');
INSERT INTO public.storage VALUES (172, 'superB', 0.30, 96, 5, 'ITADW');
INSERT INTO public.storage VALUES (176, 'exoticone', 1.20, 94, 3, 'ITALG1');
INSERT INTO public.storage VALUES (106, 'simple1', 3.40, 80, 2, 'BELA2');
INSERT INTO public.storage VALUES (179, 'exotictwo', 2.00, 93, 4, 'ITALG1');
INSERT INTO public.storage VALUES (180, 'exotictre', 1.90, 92, 3, 'ITALG1');
INSERT INTO public.storage VALUES (181, 'supertwo', 0.20, 98, 5, 'ITALG2');
INSERT INTO public.storage VALUES (182, 'superone', 0.40, 99, 5, 'ITALG2');
INSERT INTO public.storage VALUES (184, 'supertre', 0.20, 99, 4, 'ITALG2');
INSERT INTO public.storage VALUES (118, 'basictre', 3.70, 77, 3, 'GERLH1');
INSERT INTO public.storage VALUES (120, 'simple2', 4.10, 78, 2, 'GERLH2');
INSERT INTO public.storage VALUES (46, 'basica', 3.10, 79, 1, 'AUTLOGC');
INSERT INTO public.storage VALUES (125, 'normal1', 2.20, 76, 3, 'GERLH3');
INSERT INTO public.storage VALUES (126, 'normal2', 2.90, 85, 3, 'GERLH3');
INSERT INTO public.storage VALUES (197, 'exotic2', 1.40, 91, 5, 'USAWHA');
INSERT INTO public.storage VALUES (128, 'normal3', 3.10, 76, 2, 'GERLH3');
INSERT INTO public.storage VALUES (132, 'normala', 2.90, 79, 2, 'GERNORD');
INSERT INTO public.storage VALUES (201, 'exotic2', 1.60, 94, 3, 'USAWHB');
INSERT INTO public.storage VALUES (203, 'exotic3', 1.70, 91, 4, 'USAWHB');
INSERT INTO public.storage VALUES (206, 'exotic1', 1.90, 91, 4, 'USAWHB');
INSERT INTO public.storage VALUES (208, 'superA', 0.50, 98, 4, 'USAWHC');
INSERT INTO public.storage VALUES (209, 'superC', 0.30, 98, 4, 'USAWHC');
INSERT INTO public.storage VALUES (133, 'normalb', 2.30, 83, 3, 'GERNORD');
INSERT INTO public.storage VALUES (211, 'superB', 0.40, 99, 5, 'USAWHC');
INSERT INTO public.storage VALUES (212, 'exoticA', 2.00, 91, 4, 'USAFH1');
INSERT INTO public.storage VALUES (134, 'normald', 2.10, 82, 3, 'GERNORD');
INSERT INTO public.storage VALUES (214, 'exoticB', 1.90, 94, 3, 'USAFH1');
INSERT INTO public.storage VALUES (139, 'normalone', 2.90, 81, 3, 'GERRHI');
INSERT INTO public.storage VALUES (216, 'exoticb', 1.70, 92, 5, 'USAFH2');
INSERT INTO public.storage VALUES (143, 'normaltwo', 2.90, 86, 2, 'GERRHI');
INSERT INTO public.storage VALUES (220, 'exotica', 1.40, 94, 4, 'USAFH2');
INSERT INTO public.storage VALUES (150, 'normalA', 2.40, 80, 2, 'ITAMGU1');
INSERT INTO public.storage VALUES (151, 'normalB', 2.50, 86, 2, 'ITAMGU1');
INSERT INTO public.storage VALUES (155, 'basicd', 3.90, 75, 1, 'ITAMGD2');
INSERT INTO public.storage VALUES (156, 'normalb', 2.40, 86, 1, 'ITAMGD2');
INSERT INTO public.storage VALUES (173, 'normalB', 2.10, 82, 3, 'ITADW');
INSERT INTO public.storage VALUES (188, 'normaltre', 2.20, 88, 3, 'USAST1');
INSERT INTO public.storage VALUES (170, 'normalA', 2.80, 79, 3, 'ITADW');
INSERT INTO public.storage VALUES (34, 'simpletwo', 2.90, 78, 3, 'AUTLOGA');
INSERT INTO public.storage VALUES (91, 'simple3', 3.10, 77, 3, 'BELMD');
INSERT INTO public.storage VALUES (55, 'simpleb', 3.30, 75, 3, 'AUTVZ2');
INSERT INTO public.storage VALUES (87, 'simpletwo', 3.30, 75, 3, 'BELMT');
INSERT INTO public.storage VALUES (98, 'basictwo', 3.40, 77, 3, 'BELMS2');
INSERT INTO public.storage VALUES (135, 'simpleone', 3.40, 74, 3, 'GERWEST');
INSERT INTO public.storage VALUES (42, 'simpleA', 3.60, 79, 3, 'AUTLOGB');
INSERT INTO public.storage VALUES (157, 'basica', 3.80, 75, 3, 'ITAMGD2');
INSERT INTO public.storage VALUES (169, 'simpleB', 4.00, 79, 3, 'ITADN');
INSERT INTO public.storage VALUES (195, 'simpletre', 4.40, 77, 3, 'USAST2');
INSERT INTO public.storage VALUES (6, 'simple2', 3.20, 74, 4, 'AUTWAR1');
INSERT INTO public.storage VALUES (41, 'simpleB', 2.60, 85, 3, 'AUTLOGB');
INSERT INTO public.storage VALUES (159, 'normala', 2.80, 82, 2, 'ITAMGD2');
INSERT INTO public.storage VALUES (160, 'normal2', 3.00, 80, 2, 'ITAMGT3');
INSERT INTO public.storage VALUES (161, 'normal1', 2.30, 80, 2, 'ITAMGT3');
INSERT INTO public.storage VALUES (163, 'normal3', 2.40, 81, 2, 'ITAMGT3');
INSERT INTO public.storage VALUES (168, 'basicC', 3.60, 74, 1, 'ITADN');
INSERT INTO public.storage VALUES (174, 'normalC', 3.10, 75, 3, 'ITADW');
INSERT INTO public.storage VALUES (183, 'normaltwo', 2.70, 82, 1, 'ITALG2');
INSERT INTO public.storage VALUES (185, 'normalone', 2.80, 85, 1, 'ITALG2');
INSERT INTO public.storage VALUES (186, 'normaltre', 2.90, 87, 3, 'ITALG2');
INSERT INTO public.storage VALUES (189, 'normaltwo', 2.90, 84, 3, 'USAST1');
INSERT INTO public.storage VALUES (191, 'normalone', 2.80, 81, 3, 'USAST1');
INSERT INTO public.storage VALUES (194, 'normaltwo', 2.60, 85, 1, 'USAST2');
INSERT INTO public.storage VALUES (196, 'normalone', 3.00, 77, 2, 'USAST2');
INSERT INTO public.storage VALUES (207, 'basicB', 4.00, 74, 3, 'USAWHC');
INSERT INTO public.storage VALUES (27, 'basicA', 3.30, 74, 3, 'AUTZENT');
INSERT INTO public.storage VALUES (70, 'simpletwo', 3.20, 74, 2, 'AUTDP3');
INSERT INTO public.storage VALUES (75, 'basicA', 2.80, 77, 2, 'AUTDP4');
INSERT INTO public.storage VALUES (82, 'simpleone', 4.00, 75, 2, 'BELMB');
INSERT INTO public.storage VALUES (95, 'basicone', 2.60, 76, 2, 'BELMS2');
INSERT INTO public.storage VALUES (102, 'simpleone', 2.90, 74, 2, 'BELA1');
INSERT INTO public.storage VALUES (115, 'basictwo', 3.50, 74, 2, 'GERLH1');
INSERT INTO public.storage VALUES (127, 'simple2', 3.50, 78, 1, 'GERLH3');
INSERT INTO public.storage VALUES (129, 'simple1', 3.60, 79, 1, 'GERLH3');
INSERT INTO public.storage VALUES (137, 'simpletwo', 3.80, 78, 1, 'GERWEST');
INSERT INTO public.storage VALUES (165, 'basicB', 3.90, 77, 3, 'ITADN');
INSERT INTO public.storage VALUES (175, 'simpleone', 3.30, 77, 2, 'ITALG1');
INSERT INTO public.storage VALUES (202, 'simple3', 3.50, 80, 1, 'USAWHB');
INSERT INTO public.storage VALUES (204, 'simple1', 3.20, 79, 2, 'USAWHB');
INSERT INTO public.storage VALUES (205, 'simple2', 3.60, 77, 2, 'USAWHB');
INSERT INTO public.storage VALUES (18, 'basicB', 2.80, 80, 2, 'AUTWAR4');
INSERT INTO public.storage VALUES (20, 'simplea', 3.30, 77, 1, 'AUTLA8');
INSERT INTO public.storage VALUES (57, 'simplea', 3.30, 80, 2, 'AUTVZ2');
INSERT INTO public.storage VALUES (158, 'basicb', 2.70, 77, 3, 'ITAMGD2');
INSERT INTO public.storage VALUES (166, 'basicA', 2.60, 77, 2, 'ITADN');
INSERT INTO public.storage VALUES (178, 'simpletre', 3.90, 74, 1, 'ITALG1');
INSERT INTO public.storage VALUES (199, 'basic1', 3.40, 76, 2, 'USAWHA');
INSERT INTO public.storage VALUES (200, 'basic2', 3.30, 77, 2, 'USAWHA');
INSERT INTO public.storage VALUES (210, 'basicA', 3.40, 77, 1, 'USAWHC');
INSERT INTO public.storage VALUES (215, 'basicA', 3.30, 75, 3, 'USAFH1');
INSERT INTO public.storage VALUES (217, 'basicd', 3.10, 77, 1, 'USAFH2');
INSERT INTO public.storage VALUES (218, 'basica', 2.60, 77, 1, 'USAFH2');
INSERT INTO public.storage VALUES (219, 'basicb', 2.80, 79, 1, 'USAFH2');
INSERT INTO public.storage VALUES (71, 'simpleone', 3.50, 78, 2, 'AUTDP3');
INSERT INTO public.storage VALUES (89, 'simpleone', 3.70, 80, 1, 'BELMT');
INSERT INTO public.storage VALUES (92, 'simple1', 3.60, 78, 1, 'BELMD');
INSERT INTO public.storage VALUES (107, 'simple2', 3.60, 78, 2, 'BELA2');
INSERT INTO public.storage VALUES (121, 'simple1', 3.90, 79, 1, 'GERLH2');
INSERT INTO public.storage VALUES (152, 'simpleC', 3.50, 79, 1, 'ITAMGU1');
INSERT INTO public.storage VALUES (153, 'simpleA', 4.00, 79, 1, 'ITAMGU1');
INSERT INTO public.storage VALUES (167, 'simpleA', 4.00, 79, 1, 'ITADN');
INSERT INTO public.storage VALUES (177, 'simpletwo', 3.10, 77, 2, 'ITALG1');
INSERT INTO public.storage VALUES (192, 'simpletwo', 3.10, 80, 1, 'USAST2');
INSERT INTO public.storage VALUES (193, 'simpleone', 3.50, 78, 2, 'USAST2');
INSERT INTO public.storage VALUES (213, 'basicB', 3.10, 80, 3, 'USAFH1');
INSERT INTO public.storage VALUES (83, 'uncooltwo', 4.40, 75, 1, 'BELMB');
INSERT INTO public.storage VALUES (8, 'uncoolB', 5.30, 75, 1, 'AUTWAR2');
INSERT INTO public.storage VALUES (190, 'uncooltwo', 5.60, 75, 2, 'USAST1');
INSERT INTO public.storage VALUES (187, 'uncoolone', 5.30, 76, 1, 'USAST1');
INSERT INTO public.storage VALUES (146, 'uncoolb', 4.70, 78, 1, 'GERRHI2');
INSERT INTO public.storage VALUES (142, 'uncooltwo', 4.60, 74, 1, 'GERRHI');
INSERT INTO public.storage VALUES (15, 'uncoolC', 6.00, 72, 1, 'AUTWAR4');
INSERT INTO public.storage VALUES (47, 'uncoolb', 4.70, 72, 2, 'AUTLOGC');
INSERT INTO public.storage VALUES (80, 'uncooltre', 4.40, 76, 2, 'BELMB');
INSERT INTO public.storage VALUES (76, 'uncool1', 5.40, 76, 1, 'BELMN1');
INSERT INTO public.storage VALUES (140, 'uncooltre', 4.70, 71, 1, 'GERRHI');
INSERT INTO public.storage VALUES (164, 'uncool2', 5.70, 69, 1, 'ITAMGT3');
INSERT INTO public.storage VALUES (141, 'uncoolone', 4.80, 70, 1, 'GERRHI');
INSERT INTO public.storage VALUES (162, 'uncool1', 5.00, 69, 2, 'ITAMGT3');
INSERT INTO public.storage VALUES (4, 'uncool1', 5.20, 75, 3, 'AUTWAR1');
INSERT INTO public.storage VALUES (81, 'uncoolone', 4.60, 74, 3, 'BELMB');
INSERT INTO public.storage VALUES (10, 'uncoolA', 4.60, 77, 3, 'AUTWAR2');
INSERT INTO public.storage VALUES (147, 'uncoola', 5.30, 69, 3, 'GERRHI2');
INSERT INTO public.storage VALUES (78, 'uncool2', 5.60, 77, 3, 'BELMN1');
INSERT INTO public.storage VALUES (3, 'uncool2', 4.60, 72, 4, 'AUTWAR1');
INSERT INTO public.storage VALUES (11, 'uncoolC', 4.30, 71, 3, 'AUTWAR2');
INSERT INTO public.storage VALUES (14, 'uncoolB', 5.70, 69, 2, 'AUTWAR4');
INSERT INTO public.storage VALUES (16, 'uncoolA', 5.90, 75, 3, 'AUTWAR4');
INSERT INTO public.storage VALUES (48, 'uncoola', 3.30, 89, 2, 'AUTLOGC');


--
-- TOC entry 4928 (class 0 OID 68189)
-- Dependencies: 216
-- Data for Name: warehouse; Type: TABLE DATA; Schema: public; Owner: postgres
--

INSERT INTO public.warehouse VALUES ('AUTWAR1', 'Waren1', 'Lagerstraße 1', '1100', 'Wien', 'AUTWAR');
INSERT INTO public.warehouse VALUES ('AUTWAR2', 'Waren2', 'Lagerstraße 2', '1100', 'Wien', 'AUTWAR');
INSERT INTO public.warehouse VALUES ('AUTWAR4', 'Waren4', 'Lagerstraße 4', '1100', 'Wien', 'AUTWAR');
INSERT INTO public.warehouse VALUES ('AUTLA8', 'LagerAcht', 'Industriegasse 8', '8020', 'Graz', 'AUTLA');
INSERT INTO public.warehouse VALUES ('AUTLA11', 'LagerElf', 'Industriegasse 11', '8020', 'Graz', 'AUTLA');
INSERT INTO public.warehouse VALUES ('AUTZENT', 'Zentraldepot', 'Depotweg 1', '4060', 'Leonding', 'AUTZENT');
INSERT INTO public.warehouse VALUES ('AUTLOGA', 'LogistikA', 'Logistikpark 10', '5071', 'Wals', 'AUTLOG');
INSERT INTO public.warehouse VALUES ('AUTLOGB', 'LogistikB', 'Logistikpark 12', '5071', 'Wals', 'AUTLOG');
INSERT INTO public.warehouse VALUES ('AUTLOGC', 'LogistikC', 'Logistikpark 14', '5071', 'Wals', 'AUTLOG');
INSERT INTO public.warehouse VALUES ('AUTVZ1', 'VerteilzentrumEins', 'Verteilerstraße 1', '3100', 'St. Pölten', 'AUTVZ');
INSERT INTO public.warehouse VALUES ('AUTVZ2', 'VerteilzentrumZwei', 'Verteilerstraße 2', '3100', 'St. Pölten', 'AUTVZ');
INSERT INTO public.warehouse VALUES ('AUTVZ3', 'VerteilzentrumDrei', 'Verteilerstraße 3', '3100', 'St. Pölten', 'AUTVZ');
INSERT INTO public.warehouse VALUES ('AUTDP1', 'DepotOne', 'Depotallee 1', '6020', 'Innsbruck', 'AUTDP');
INSERT INTO public.warehouse VALUES ('AUTDP3', 'DepotThree', 'Depotallee 3', '6020', 'Innsbruck', 'AUTDP');
INSERT INTO public.warehouse VALUES ('AUTDP4', 'DepotFour', 'Depotallee 4', '6020', 'Innsbruck', 'AUTDP');
INSERT INTO public.warehouse VALUES ('BELMN1', 'MagasinN1', 'Rue du Dépôt 1', '1000', 'Bruxelles', 'BELM');
INSERT INTO public.warehouse VALUES ('BELMB', 'MagasinBeta', 'Rue du Dépôt 2', '1000', 'Bruxelles', 'BELM');
INSERT INTO public.warehouse VALUES ('BELMT', 'MagasinTri', 'Rue du Dépôt 3', '1000', 'Bruxelles', 'BELM');
INSERT INTO public.warehouse VALUES ('BELMD', 'MagasinDelta', 'Rue du Dépôt 4', '1000', 'Bruxelles', 'BELM');
INSERT INTO public.warehouse VALUES ('BELMS2', 'MagasinS2', 'Rue du Dépôt 5', '1000', 'Bruxelles', 'BELM');
INSERT INTO public.warehouse VALUES ('BELA1', 'Anvers1', 'Havenlaan 1', '2000', 'Antwerpen', 'BELA');
INSERT INTO public.warehouse VALUES ('BELA2', 'Anvers2', 'Havenlaan 2', '2000', 'Antwerpen', 'BELA');
INSERT INTO public.warehouse VALUES ('BELA3', 'Anvers3', 'Havenlaan 3', '2000', 'Antwerpen', 'BELA');
INSERT INTO public.warehouse VALUES ('GERLH1', 'Lagerhaus1', 'Industriestraße 1', '20457', 'Hamburg', 'GERLH');
INSERT INTO public.warehouse VALUES ('GERLH2', 'Lagerhaus2', 'Industriestraße 2', '20457', 'Hamburg', 'GERLH');
INSERT INTO public.warehouse VALUES ('GERLH3', 'Lagerhaus3', 'Industriestraße 3', '20457', 'Hamburg', 'GERLH');
INSERT INTO public.warehouse VALUES ('GERNORD', 'NordDepot', 'Nordhafenstraße 1', '24103', 'Kiel', 'GERNORD');
INSERT INTO public.warehouse VALUES ('GERWEST', 'WestLager', 'Rheinstraße 1', '50667', 'Köln', 'GERWEST');
INSERT INTO public.warehouse VALUES ('GERRHI', 'RheinDepotI', 'Rheinweg 1', '60329', 'Frankfurt am Main', 'GERRH');
INSERT INTO public.warehouse VALUES ('GERRHI2', 'RheinDepotII', 'Rheinweg 2', '60329', 'Frankfurt am Main', 'GERRH');
INSERT INTO public.warehouse VALUES ('ITAMGU1', 'MagazzinoUno', 'Via del Porto 1', '20100', 'Milano', 'ITAMG');
INSERT INTO public.warehouse VALUES ('ITAMGD2', 'MagazzinoDua', 'Via del Porto 2', '20100', 'Milano', 'ITAMG');
INSERT INTO public.warehouse VALUES ('ITAMGT3', 'MagazzinoTri', 'Via del Porto 3', '20100', 'Milano', 'ITAMG');
INSERT INTO public.warehouse VALUES ('ITADN', 'DepositoNorth', 'Via Industriale 1', '10100', 'Torino', 'ITAD');
INSERT INTO public.warehouse VALUES ('ITADW', 'DepositoWest', 'Via Industriale 2', '10100', 'Torino', 'ITAD');
INSERT INTO public.warehouse VALUES ('ITALG1', 'Logistica1', 'Via Logistica 1', '40100', 'Bologna', 'ITALG');
INSERT INTO public.warehouse VALUES ('ITALG2', 'Logistica2', 'Via Logistica 2', '40100', 'Bologna', 'ITALG');
INSERT INTO public.warehouse VALUES ('USAST1', 'Storage1', 'Warehouse Road 1', '90001', 'Los Angeles', 'USAST');
INSERT INTO public.warehouse VALUES ('USAST2', 'Storage2', 'Warehouse Road 2', '90001', 'Los Angeles', 'USAST');
INSERT INTO public.warehouse VALUES ('USAWHA', 'WarehouseA', 'Logistics Blvd 10', '77001', 'Houston', 'USAWH');
INSERT INTO public.warehouse VALUES ('USAWHB', 'WarehouseB', 'Logistics Blvd 12', '77001', 'Houston', 'USAWH');
INSERT INTO public.warehouse VALUES ('USAWHC', 'WarehouseC', 'Logistics Blvd 14', '77001', 'Houston', 'USAWH');
INSERT INTO public.warehouse VALUES ('USAFH1', 'FreightHub1', 'Port Road 1', '33101', 'Miami', 'USAFH');
INSERT INTO public.warehouse VALUES ('USAFH2', 'FreightHub2', 'Port Road 2', '33101', 'Miami', 'USAFH');


--
-- TOC entry 4953 (class 0 OID 0)
-- Dependencies: 229
-- Name: batch_batchid_seq; Type: SEQUENCE SET; Schema: public; Owner: postgres
--

SELECT pg_catalog.setval('public.batch_batchid_seq', 24, true);


--
-- TOC entry 4954 (class 0 OID 0)
-- Dependencies: 231
-- Name: batchitem_biid_seq; Type: SEQUENCE SET; Schema: public; Owner: postgres
--

SELECT pg_catalog.setval('public.batchitem_biid_seq', 108, true);


--
-- TOC entry 4955 (class 0 OID 0)
-- Dependencies: 222
-- Name: producer_producerid_seq; Type: SEQUENCE SET; Schema: public; Owner: postgres
--

SELECT pg_catalog.setval('public.producer_producerid_seq', 23, true);


--
-- TOC entry 4956 (class 0 OID 0)
-- Dependencies: 226
-- Name: product_productid_seq; Type: SEQUENCE SET; Schema: public; Owner: postgres
--

SELECT pg_catalog.setval('public.product_productid_seq', 76, true);


--
-- TOC entry 4957 (class 0 OID 0)
-- Dependencies: 224
-- Name: productcategory_pcid_seq; Type: SEQUENCE SET; Schema: public; Owner: postgres
--

SELECT pg_catalog.setval('public.productcategory_pcid_seq', 60, true);


--
-- TOC entry 4958 (class 0 OID 0)
-- Dependencies: 221
-- Name: slotentry_slotentryid_seq; Type: SEQUENCE SET; Schema: public; Owner: postgres
--

SELECT pg_catalog.setval('public.slotentry_slotentryid_seq', 247, true);


--
-- TOC entry 4959 (class 0 OID 0)
-- Dependencies: 217
-- Name: storage_storageid_seq; Type: SEQUENCE SET; Schema: public; Owner: postgres
--

SELECT pg_catalog.setval('public.storage_storageid_seq', 220, true);


--
-- TOC entry 4765 (class 2606 OID 68311)
-- Name: batch batch_pk; Type: CONSTRAINT; Schema: public; Owner: postgres
--

ALTER TABLE ONLY public.batch
    ADD CONSTRAINT batch_pk PRIMARY KEY (batchid);


--
-- TOC entry 4767 (class 2606 OID 68317)
-- Name: batchitem batchitem_pk; Type: CONSTRAINT; Schema: public; Owner: postgres
--

ALTER TABLE ONLY public.batchitem
    ADD CONSTRAINT batchitem_pk PRIMARY KEY (biid);


--
-- TOC entry 4769 (class 2606 OID 68509)
-- Name: dbinformation dbinformation_pk; Type: CONSTRAINT; Schema: public; Owner: postgres
--

ALTER TABLE ONLY public.dbinformation
    ADD CONSTRAINT dbinformation_pk PRIMARY KEY (key);


--
-- TOC entry 4771 (class 2606 OID 68507)
-- Name: dbinformation dbinformation_unique; Type: CONSTRAINT; Schema: public; Owner: postgres
--

ALTER TABLE ONLY public.dbinformation
    ADD CONSTRAINT dbinformation_unique UNIQUE (key);


--
-- TOC entry 4757 (class 2606 OID 68288)
-- Name: producer producer_pk; Type: CONSTRAINT; Schema: public; Owner: postgres
--

ALTER TABLE ONLY public.producer
    ADD CONSTRAINT producer_pk PRIMARY KEY (producerid);


--
-- TOC entry 4763 (class 2606 OID 68305)
-- Name: producerproduct producerproduct_pk; Type: CONSTRAINT; Schema: public; Owner: postgres
--

ALTER TABLE ONLY public.producerproduct
    ADD CONSTRAINT producerproduct_pk PRIMARY KEY (producerid, productid);


--
-- TOC entry 4761 (class 2606 OID 68300)
-- Name: product product_pk; Type: CONSTRAINT; Schema: public; Owner: postgres
--

ALTER TABLE ONLY public.product
    ADD CONSTRAINT product_pk PRIMARY KEY (productid);


--
-- TOC entry 4759 (class 2606 OID 68294)
-- Name: productcategory productcategory_pk; Type: CONSTRAINT; Schema: public; Owner: postgres
--

ALTER TABLE ONLY public.productcategory
    ADD CONSTRAINT productcategory_pk PRIMARY KEY (pcid);


--
-- TOC entry 4744 (class 2606 OID 68188)
-- Name: site site_pkey; Type: CONSTRAINT; Schema: public; Owner: postgres
--

ALTER TABLE ONLY public.site
    ADD CONSTRAINT site_pkey PRIMARY KEY (siteid);


--
-- TOC entry 4753 (class 2606 OID 68227)
-- Name: slot slot_pkey; Type: CONSTRAINT; Schema: public; Owner: postgres
--

ALTER TABLE ONLY public.slot
    ADD CONSTRAINT slot_pkey PRIMARY KEY (slid);


--
-- TOC entry 4755 (class 2606 OID 68257)
-- Name: slotentry slotentry_pk; Type: CONSTRAINT; Schema: public; Owner: postgres
--

ALTER TABLE ONLY public.slotentry
    ADD CONSTRAINT slotentry_pk PRIMARY KEY (slotentryid);


--
-- TOC entry 4750 (class 2606 OID 68212)
-- Name: storage storage_pkey; Type: CONSTRAINT; Schema: public; Owner: postgres
--

ALTER TABLE ONLY public.storage
    ADD CONSTRAINT storage_pkey PRIMARY KEY (storageid);


--
-- TOC entry 4747 (class 2606 OID 68195)
-- Name: warehouse warehouse_pkey; Type: CONSTRAINT; Schema: public; Owner: postgres
--

ALTER TABLE ONLY public.warehouse
    ADD CONSTRAINT warehouse_pkey PRIMARY KEY (wid);


--
-- TOC entry 4745 (class 1259 OID 68238)
-- Name: idx_siteid; Type: INDEX; Schema: public; Owner: postgres
--

CREATE INDEX idx_siteid ON public.warehouse USING btree (siteid);


--
-- TOC entry 4751 (class 1259 OID 68240)
-- Name: idx_storageid; Type: INDEX; Schema: public; Owner: postgres
--

CREATE INDEX idx_storageid ON public.slot USING btree (storageid);


--
-- TOC entry 4748 (class 1259 OID 68239)
-- Name: idx_wid; Type: INDEX; Schema: public; Owner: postgres
--

CREATE INDEX idx_wid ON public.storage USING btree (wid);


--
-- TOC entry 4926 (class 2618 OID 68367)
-- Name: slotavailable _RETURN; Type: RULE; Schema: public; Owner: postgres
--

CREATE OR REPLACE VIEW public.slotavailable AS
 SELECT s.slid,
    s.capacityunits,
    (s.capacityunits - COALESCE(sum(se.unitscount), (0)::bigint)) AS freeunits,
    s.capacitykg,
    (s.capacitykg - COALESCE(sum((se.unitscount * p.kgperunit)), (0)::bigint)) AS freekg
   FROM (((public.slot s
     LEFT JOIN public.slotentry se ON (((se.slid)::text = (s.slid)::text)))
     LEFT JOIN public.batchitem b ON ((se.biid = b.biid)))
     LEFT JOIN public.product p ON ((b.productid = p.productid)))
  GROUP BY s.slid, se.slid;


--
-- TOC entry 4780 (class 2606 OID 68333)
-- Name: batch batch_producer_fk; Type: FK CONSTRAINT; Schema: public; Owner: postgres
--

ALTER TABLE ONLY public.batch
    ADD CONSTRAINT batch_producer_fk FOREIGN KEY (producerid) REFERENCES public.producer(producerid);


--
-- TOC entry 4781 (class 2606 OID 68359)
-- Name: batchitem batchitem_batch_fk; Type: FK CONSTRAINT; Schema: public; Owner: postgres
--

ALTER TABLE ONLY public.batchitem
    ADD CONSTRAINT batchitem_batch_fk FOREIGN KEY (batchid) REFERENCES public.batch(batchid) ON DELETE CASCADE;


--
-- TOC entry 4782 (class 2606 OID 68338)
-- Name: batchitem batchitem_product_fk; Type: FK CONSTRAINT; Schema: public; Owner: postgres
--

ALTER TABLE ONLY public.batchitem
    ADD CONSTRAINT batchitem_product_fk FOREIGN KEY (productid) REFERENCES public.product(productid);


--
-- TOC entry 4778 (class 2606 OID 68318)
-- Name: producerproduct producerproduct_producer_fk; Type: FK CONSTRAINT; Schema: public; Owner: postgres
--

ALTER TABLE ONLY public.producerproduct
    ADD CONSTRAINT producerproduct_producer_fk FOREIGN KEY (producerid) REFERENCES public.producer(producerid);


--
-- TOC entry 4779 (class 2606 OID 68323)
-- Name: producerproduct producerproduct_product_fk; Type: FK CONSTRAINT; Schema: public; Owner: postgres
--

ALTER TABLE ONLY public.producerproduct
    ADD CONSTRAINT producerproduct_product_fk FOREIGN KEY (productid) REFERENCES public.product(productid);


--
-- TOC entry 4777 (class 2606 OID 68328)
-- Name: product product_productcategory_fk; Type: FK CONSTRAINT; Schema: public; Owner: postgres
--

ALTER TABLE ONLY public.product
    ADD CONSTRAINT product_productcategory_fk FOREIGN KEY (pcid) REFERENCES public.productcategory(pcid);


--
-- TOC entry 4774 (class 2606 OID 68228)
-- Name: slot slot_storageid_fkey; Type: FK CONSTRAINT; Schema: public; Owner: postgres
--

ALTER TABLE ONLY public.slot
    ADD CONSTRAINT slot_storageid_fkey FOREIGN KEY (storageid) REFERENCES public.storage(storageid);


--
-- TOC entry 4775 (class 2606 OID 68348)
-- Name: slotentry slotentry_batchitem_fk; Type: FK CONSTRAINT; Schema: public; Owner: postgres
--

ALTER TABLE ONLY public.slotentry
    ADD CONSTRAINT slotentry_batchitem_fk FOREIGN KEY (biid) REFERENCES public.batchitem(biid);


--
-- TOC entry 4776 (class 2606 OID 68258)
-- Name: slotentry slotentry_slot_fk; Type: FK CONSTRAINT; Schema: public; Owner: postgres
--

ALTER TABLE ONLY public.slotentry
    ADD CONSTRAINT slotentry_slot_fk FOREIGN KEY (slid) REFERENCES public.slot(slid);


--
-- TOC entry 4773 (class 2606 OID 68213)
-- Name: storage storage_wid_fkey; Type: FK CONSTRAINT; Schema: public; Owner: postgres
--

ALTER TABLE ONLY public.storage
    ADD CONSTRAINT storage_wid_fkey FOREIGN KEY (wid) REFERENCES public.warehouse(wid);


--
-- TOC entry 4772 (class 2606 OID 68196)
-- Name: warehouse warehouse_siteid_fkey; Type: FK CONSTRAINT; Schema: public; Owner: postgres
--

ALTER TABLE ONLY public.warehouse
    ADD CONSTRAINT warehouse_siteid_fkey FOREIGN KEY (siteid) REFERENCES public.site(siteid);


-- Completed on 2025-12-01 11:42:20

--
-- PostgreSQL database dump complete
--

